Query,Query Path,SrcFileName,Line,Column,NodeID,Name,DestFileName,DestLine,DestColumn,DestNodeId,DestName,Result State,Result Severity,Comment,Link,Result Status,Detection Date,Scanner,Platform,Category,Expected Value,Actual Value,Issue Type,Package,Package Id,Package Version,Category Name,CVE,CWE,Image,Secret Type,Check,File/Artifact,Location Line,Commit SHA,Validity,Remediation
SQL_Injection,java/Java_Critical_Risk/SQL_Injection,/src/main/java/org/cysecurity/cspf/jvl/controller/XPathQuery.java,36,46,/3MzJh/Mp35oa/S+Y9dRDjRom1M=,"""""password""""",/src/main/webapp/vulnerability/Messages.jsp,14,34,Y3cgELXLpH3lNnulW8fTwgBKCBM=,executeQuery,To Verify,CRITICAL,-,https://rel-candidate.perf.cxast.net/sast-results/3534332e-7e18-446a-8446-de7e2bbd8027/7a0c2bd5-b974-40a6-927a-88b54c562444?redirect=true&resultId=jDhDJM0rBdMLeQEKC3S3ZwAR1sQ%3D,NEW,04/01/2026 16:27,SAST,-,-,-,-,-,-,-,-,-,-,-,-,-,-,-,-,-,-,-
SQL_Injection,java/Java_Critical_Risk/SQL_Injection,/src/main/java/org/cysecurity/cspf/jvl/controller/XPathQuery.java,35,46,xygnld/IbeB6ByG1lWs4howcqJg=,"""""username""""",/src/main/webapp/vulnerability/Messages.jsp,14,34,Y3cgELXLpH3lNnulW8fTwgBKCBM=,executeQuery,To Verify,CRITICAL,-,https://rel-candidate.perf.cxast.net/sast-results/3534332e-7e18-446a-8446-de7e2bbd8027/7a0c2bd5-b974-40a6-927a-88b54c562444?redirect=true&resultId=epQYvHbDpidWN%2Bu1vD3y4T5Q%2FXM%3D,NEW,04/01/2026 16:27,SAST,-,-,-,-,-,-,-,-,-,-,-,-,-,-,-,-,-,-,-
Stored_XSS,java/Java_Critical_Risk/Stored_XSS,/src/main/java/org/cysecurity/cspf/jvl/controller/LoginValidator.java,52,36,uaVh6uC79n0xNRj2+dFMw8x/LNI=,rs,/src/main/webapp/vulnerability/forum.jsp,24,29,XM0QL01lzKi9ntiLsO9q078UWRQ=,print,To Verify,CRITICAL,-,https://rel-candidate.perf.cxast.net/sast-results/3534332e-7e18-446a-8446-de7e2bbd8027/7a0c2bd5-b974-40a6-927a-88b54c562444?redirect=true&resultId=wCH%2Fyze9i3e8KDj%2BJqQOufMWvDM%3D,NEW,04/01/2026 16:27,SAST,-,-,-,-,-,-,-,-,-,-,-,-,-,-,-,-,-,-,-
Stored_XSS,java/Java_Critical_Risk/Stored_XSS,/src/main/java/org/cysecurity/cspf/jvl/controller/LoginValidator.java,52,36,uaVh6uC79n0xNRj2+dFMw8x/LNI=,rs,/src/main/webapp/vulnerability/forum.jsp,32,111,o9/kAvFBhj2KmFErhzAFiUBEQYg=,print,To Verify,CRITICAL,-,https://rel-candidate.perf.cxast.net/sast-results/3534332e-7e18-446a-8446-de7e2bbd8027/7a0c2bd5-b974-40a6-927a-88b54c562444?redirect=true&resultId=xvdjNbASwH66CrgoT%2F9WE%2BT8f1Y%3D,NEW,04/01/2026 16:27,SAST,-,-,-,-,-,-,-,-,-,-,-,-,-,-,-,-,-,-,-
Stored_XSS,java/Java_Critical_Risk/Stored_XSS,/src/main/java/org/cysecurity/cspf/jvl/controller/LoginValidator.java,52,36,uaVh6uC79n0xNRj2+dFMw8x/LNI=,rs,/src/main/webapp/vulnerability/csrf/change-info.jsp,35,14,+fl1+LFNhM1lA6JmI9AqvigAeF4=,print,To Verify,CRITICAL,-,https://rel-candidate.perf.cxast.net/sast-results/3534332e-7e18-446a-8446-de7e2bbd8027/7a0c2bd5-b974-40a6-927a-88b54c562444?redirect=true&resultId=YvKrnvDjDM9jJqpIQUGE7nh5jE8%3D,NEW,04/01/2026 16:27,SAST,-,-,-,-,-,-,-,-,-,-,-,-,-,-,-,-,-,-,-
Stored_XSS,java/Java_Critical_Risk/Stored_XSS,/src/main/java/org/cysecurity/cspf/jvl/controller/LoginValidator.java,52,36,uaVh6uC79n0xNRj2+dFMw8x/LNI=,rs,/src/main/webapp/index.jsp,5,14,VSuh0civBwmabuDu+AVgzC93MKg=,print,To Verify,CRITICAL,-,https://rel-candidate.perf.cxast.net/sast-results/3534332e-7e18-446a-8446-de7e2bbd8027/7a0c2bd5-b974-40a6-927a-88b54c562444?redirect=true&resultId=4CegYxPwK2VKauLWPAhmAAFl1%2BM%3D,NEW,04/01/2026 16:27,SAST,-,-,-,-,-,-,-,-,-,-,-,-,-,-,-,-,-,-,-
Stored_XSS,java/Java_Critical_Risk/Stored_XSS,/src/main/java/org/cysecurity/cspf/jvl/controller/LoginValidator.java,52,36,uaVh6uC79n0xNRj2+dFMw8x/LNI=,rs,/src/main/webapp/changeCardDetails.jsp,52,15,J8T6CdK5NfndRRMP5zPqXo9EFyQ=,print,To Verify,CRITICAL,-,https://rel-candidate.perf.cxast.net/sast-results/3534332e-7e18-446a-8446-de7e2bbd8027/7a0c2bd5-b974-40a6-927a-88b54c562444?redirect=true&resultId=JyrKNlEACR6hN%2F5rAFmM9rgmMXY%3D,NEW,04/01/2026 16:27,SAST,-,-,-,-,-,-,-,-,-,-,-,-,-,-,-,-,-,-,-
Stored_XSS,java/Java_Critical_Risk/Stored_XSS,/src/main/java/org/cysecurity/cspf/jvl/controller/LoginValidator.java,52,36,uaVh6uC79n0xNRj2+dFMw8x/LNI=,rs,/src/main/webapp/header.jsp,148,46,9Z3YE2mqqhwWAiSvCV6cCqOCP0U=,print,To Verify,CRITICAL,-,https://rel-candidate.perf.cxast.net/sast-results/3534332e-7e18-446a-8446-de7e2bbd8027/7a0c2bd5-b974-40a6-927a-88b54c562444?redirect=true&resultId=U3GcrRsOzSzWfrc6tPFOfMlmESI%3D,NEW,04/01/2026 16:27,SAST,-,-,-,-,-,-,-,-,-,-,-,-,-,-,-,-,-,-,-
Stored_XSS,java/Java_Critical_Risk/Stored_XSS,/src/main/java/org/cysecurity/cspf/jvl/controller/LoginValidator.java,52,36,uaVh6uC79n0xNRj2+dFMw8x/LNI=,rs,/src/main/webapp/vulnerability/DisplayMessage.jsp,35,24,IFtaq5fc01j80jS5ng2rMi7WEDM=,print,To Verify,CRITICAL,-,https://rel-candidate.perf.cxast.net/sast-results/3534332e-7e18-446a-8446-de7e2bbd8027/7a0c2bd5-b974-40a6-927a-88b54c562444?redirect=true&resultId=FxTjwTwonefqGWJ1Qu4iwjaVOTs%3D,NEW,04/01/2026 16:27,SAST,-,-,-,-,-,-,-,-,-,-,-,-,-,-,-,-,-,-,-
Stored_XSS,java/Java_Critical_Risk/Stored_XSS,/src/main/java/org/cysecurity/cspf/jvl/controller/LoginValidator.java,52,36,uaVh6uC79n0xNRj2+dFMw8x/LNI=,rs,/src/main/webapp/vulnerability/idor/change-email.jsp,36,14,1DAFqD+SbllgE3RMQXOUsHx1Or4=,print,To Verify,CRITICAL,-,https://rel-candidate.perf.cxast.net/sast-results/3534332e-7e18-446a-8446-de7e2bbd8027/7a0c2bd5-b974-40a6-927a-88b54c562444?redirect=true&resultId=vPfpSOHAd7WQcViOEWidkB%2FOW1k%3D,NEW,04/01/2026 16:27,SAST,-,-,-,-,-,-,-,-,-,-,-,-,-,-,-,-,-,-,-
Stored_XSS,java/Java_Critical_Risk/Stored_XSS,/src/main/java/org/cysecurity/cspf/jvl/controller/LoginValidator.java,52,36,uaVh6uC79n0xNRj2+dFMw8x/LNI=,rs,/src/main/webapp/vulnerability/SendMessage.jsp,21,73,hLi6CA+gxHbV/d8LfBtULTLHc2Y=,getAttribute,To Verify,CRITICAL,-,https://rel-candidate.perf.cxast.net/sast-results/3534332e-7e18-446a-8446-de7e2bbd8027/7a0c2bd5-b974-40a6-927a-88b54c562444?redirect=true&resultId=1TfbuBJsNOQmj0m0AwwYE%2FxFRz8%3D,NEW,04/01/2026 16:27,SAST,-,-,-,-,-,-,-,-,-,-,-,-,-,-,-,-,-,-,-
Stored_XSS,java/Java_Critical_Risk/Stored_XSS,/src/main/java/org/cysecurity/cspf/jvl/controller/LoginValidator.java,52,36,uaVh6uC79n0xNRj2+dFMw8x/LNI=,rs,/src/main/webapp/header.jsp,87,137,HLj4a5pVQEG4Wy3Pj0ccAutePa8=,print,To Verify,CRITICAL,-,https://rel-candidate.perf.cxast.net/sast-results/3534332e-7e18-446a-8446-de7e2bbd8027/7a0c2bd5-b974-40a6-927a-88b54c562444?redirect=true&resultId=iOMB2xlWJX8mAIfAJgGwGpkGSUo%3D,NEW,04/01/2026 16:27,SAST,-,-,-,-,-,-,-,-,-,-,-,-,-,-,-,-,-,-,-
Stored_XSS,java/Java_Critical_Risk/Stored_XSS,/src/main/java/org/cysecurity/cspf/jvl/controller/LoginValidator.java,52,36,uaVh6uC79n0xNRj2+dFMw8x/LNI=,rs,/src/main/webapp/vulnerability/Messages.jsp,24,15,phI+ytURXXjRr381Bhbx7VghuEk=,print,To Verify,CRITICAL,-,https://rel-candidate.perf.cxast.net/sast-results/3534332e-7e18-446a-8446-de7e2bbd8027/7a0c2bd5-b974-40a6-927a-88b54c562444?redirect=true&resultId=VnD%2FoF4ILorv%2F6QdvoahdturHwI%3D,NEW,04/01/2026 16:27,SAST,-,-,-,-,-,-,-,-,-,-,-,-,-,-,-,-,-,-,-
Stored_XSS,java/Java_Critical_Risk/Stored_XSS,/src/main/java/org/cysecurity/cspf/jvl/controller/LoginValidator.java,52,36,uaVh6uC79n0xNRj2+dFMw8x/LNI=,rs,/src/main/webapp/vulnerability/idor/change-email.jsp,19,65,uvXKmM3OBpDbluCZgSBidmkGE0k=,print,To Verify,CRITICAL,-,https://rel-candidate.perf.cxast.net/sast-results/3534332e-7e18-446a-8446-de7e2bbd8027/7a0c2bd5-b974-40a6-927a-88b54c562444?redirect=true&resultId=Mk%2B8SRvraKe6Qk4oxYNxFXnWmf4%3D,NEW,04/01/2026 16:27,SAST,-,-,-,-,-,-,-,-,-,-,-,-,-,-,-,-,-,-,-
Second_Order_SQL_Injection,java/Java_Critical_Risk/Second_Order_SQL_Injection,/src/main/java/org/cysecurity/cspf/jvl/controller/LoginValidator.java,52,36,uaVh6uC79n0xNRj2+dFMw8x/LNI=,rs,/src/main/webapp/changeCardDetails.jsp,43,128,XYt3rG2dwccdzhzEb31CGBihh5Y=,BinaryExpr,To Verify,CRITICAL,-,https://rel-candidate.perf.cxast.net/sast-results/3534332e-7e18-446a-8446-de7e2bbd8027/7a0c2bd5-b974-40a6-927a-88b54c562444?redirect=true&resultId=rSrv42nxi%2BuyrIpraUpFeSJ%2BLC8%3D,NEW,04/01/2026 16:27,SAST,-,-,-,-,-,-,-,-,-,-,-,-,-,-,-,-,-,-,-
Second_Order_SQL_Injection,java/Java_Critical_Risk/Second_Order_SQL_Injection,/src/main/java/org/cysecurity/cspf/jvl/controller/LoginValidator.java,52,36,uaVh6uC79n0xNRj2+dFMw8x/LNI=,rs,/src/main/webapp/vulnerability/csrf/change-info.jsp,31,77,tgCfAo/azHVgv0o5x0nfvU5NhuA=,BinaryExpr,To Verify,CRITICAL,-,https://rel-candidate.perf.cxast.net/sast-results/3534332e-7e18-446a-8446-de7e2bbd8027/7a0c2bd5-b974-40a6-927a-88b54c562444?redirect=true&resultId=glbV0AwFtDu0UVwCDArmnjSK%2BDw%3D,NEW,04/01/2026 16:27,SAST,-,-,-,-,-,-,-,-,-,-,-,-,-,-,-,-,-,-,-
Second_Order_SQL_Injection,java/Java_Critical_Risk/Second_Order_SQL_Injection,/src/main/java/org/cysecurity/cspf/jvl/controller/LoginValidator.java,52,36,uaVh6uC79n0xNRj2+dFMw8x/LNI=,rs,/src/main/webapp/vulnerability/csrf/changepassword.jsp,40,82,G2tdD4bi18QN62j7IEa3TAidKkU=,BinaryExpr,To Verify,CRITICAL,-,https://rel-candidate.perf.cxast.net/sast-results/3534332e-7e18-446a-8446-de7e2bbd8027/7a0c2bd5-b974-40a6-927a-88b54c562444?redirect=true&resultId=8h2S1sxLwULRwlp3qj9KBUbPrgk%3D,NEW,04/01/2026 16:27,SAST,-,-,-,-,-,-,-,-,-,-,-,-,-,-,-,-,-,-,-
Second_Order_SQL_Injection,java/Java_Critical_Risk/Second_Order_SQL_Injection,/src/main/java/org/cysecurity/cspf/jvl/controller/LoginValidator.java,52,36,uaVh6uC79n0xNRj2+dFMw8x/LNI=,rs,/src/main/webapp/vulnerability/Messages.jsp,14,110,Yf/nMTDg7kxGy0x12gDKmoRlbfY=,BinaryExpr,To Verify,CRITICAL,-,https://rel-candidate.perf.cxast.net/sast-results/3534332e-7e18-446a-8446-de7e2bbd8027/7a0c2bd5-b974-40a6-927a-88b54c562444?redirect=true&resultId=lN3vudPBMISIxViRJMC%2B4B7j%2BuA%3D,NEW,04/01/2026 16:27,SAST,-,-,-,-,-,-,-,-,-,-,-,-,-,-,-,-,-,-,-
Stored_XSS,java/Java_Critical_Risk/Stored_XSS,/src/main/webapp/vulnerability/Injection/orm.jsp,12,21,yshkax4ozyE/Wegv8AJj1biGzeU=,list,/src/main/webapp/vulnerability/Injection/orm.jsp,50,18,BTRv2CkMIGUCjmkEtv2s2zxLE5M=,print,To Verify,CRITICAL,-,https://rel-candidate.perf.cxast.net/sast-results/3534332e-7e18-446a-8446-de7e2bbd8027/7a0c2bd5-b974-40a6-927a-88b54c562444?redirect=true&resultId=lNK6zX0d7EwfP7dDzfx5aonU4N4%3D,NEW,04/01/2026 16:27,SAST,-,-,-,-,-,-,-,-,-,-,-,-,-,-,-,-,-,-,-
Stored_XSS,java/Java_Critical_Risk/Stored_XSS,/src/main/webapp/ForgotPassword.jsp,42,19,tOym9gbFmDCcA7cszY8g4UyZNZY=,rs,/src/main/webapp/ForgotPassword.jsp,44,32,m159q1wKUFlOWHmvTBspy3lIQ5c=,print,To Verify,CRITICAL,-,https://rel-candidate.perf.cxast.net/sast-results/3534332e-7e18-446a-8446-de7e2bbd8027/7a0c2bd5-b974-40a6-927a-88b54c562444?redirect=true&resultId=QWvOobTPDU2IEX2EbeMTQTxgYSU%3D,NEW,04/01/2026 16:27,SAST,-,-,-,-,-,-,-,-,-,-,-,-,-,-,-,-,-,-,-
Stored_XSS,java/Java_Critical_Risk/Stored_XSS,/src/main/webapp/admin/adminlogin.jsp,19,36,/UiU+PaPT8diwn95q9P7Aq2XM/0=,rs,/src/main/webapp/vulnerability/forum.jsp,32,111,o9/kAvFBhj2KmFErhzAFiUBEQYg=,print,To Verify,CRITICAL,-,https://rel-candidate.perf.cxast.net/sast-results/3534332e-7e18-446a-8446-de7e2bbd8027/7a0c2bd5-b974-40a6-927a-88b54c562444?redirect=true&resultId=5K4TQAWhLfN1teV8uorXs1qRrEo%3D,NEW,04/01/2026 16:27,SAST,-,-,-,-,-,-,-,-,-,-,-,-,-,-,-,-,-,-,-
Stored_XSS,java/Java_Critical_Risk/Stored_XSS,/src/main/webapp/admin/adminlogin.jsp,19,36,/UiU+PaPT8diwn95q9P7Aq2XM/0=,rs,/src/main/webapp/vulnerability/csrf/change-info.jsp,35,14,+fl1+LFNhM1lA6JmI9AqvigAeF4=,print,To Verify,CRITICAL,-,https://rel-candidate.perf.cxast.net/sast-results/3534332e-7e18-446a-8446-de7e2bbd8027/7a0c2bd5-b974-40a6-927a-88b54c562444?redirect=true&resultId=pPT5I103mplR0QFLmEAXE%2F0gUeg%3D,NEW,04/01/2026 16:27,SAST,-,-,-,-,-,-,-,-,-,-,-,-,-,-,-,-,-,-,-
Stored_XSS,java/Java_Critical_Risk/Stored_XSS,/src/main/webapp/admin/adminlogin.jsp,19,36,/UiU+PaPT8diwn95q9P7Aq2XM/0=,rs,/src/main/webapp/changeCardDetails.jsp,52,15,J8T6CdK5NfndRRMP5zPqXo9EFyQ=,print,To Verify,CRITICAL,-,https://rel-candidate.perf.cxast.net/sast-results/3534332e-7e18-446a-8446-de7e2bbd8027/7a0c2bd5-b974-40a6-927a-88b54c562444?redirect=true&resultId=VmiIdZWntxm09%2Bvc%2BrxKn6cOG1s%3D,NEW,04/01/2026 16:27,SAST,-,-,-,-,-,-,-,-,-,-,-,-,-,-,-,-,-,-,-
Stored_XSS,java/Java_Critical_Risk/Stored_XSS,/src/main/webapp/admin/adminlogin.jsp,19,36,/UiU+PaPT8diwn95q9P7Aq2XM/0=,rs,/src/main/webapp/vulnerability/SendMessage.jsp,21,73,hLi6CA+gxHbV/d8LfBtULTLHc2Y=,getAttribute,To Verify,CRITICAL,-,https://rel-candidate.perf.cxast.net/sast-results/3534332e-7e18-446a-8446-de7e2bbd8027/7a0c2bd5-b974-40a6-927a-88b54c562444?redirect=true&resultId=wpzW9gIL4PzpJRoOTJHhvRVKFDA%3D,NEW,04/01/2026 16:27,SAST,-,-,-,-,-,-,-,-,-,-,-,-,-,-,-,-,-,-,-
Stored_XSS,java/Java_Critical_Risk/Stored_XSS,/src/main/webapp/admin/adminlogin.jsp,19,36,/UiU+PaPT8diwn95q9P7Aq2XM/0=,rs,/src/main/webapp/vulnerability/forum.jsp,24,29,XM0QL01lzKi9ntiLsO9q078UWRQ=,print,To Verify,CRITICAL,-,https://rel-candidate.perf.cxast.net/sast-results/3534332e-7e18-446a-8446-de7e2bbd8027/7a0c2bd5-b974-40a6-927a-88b54c562444?redirect=true&resultId=YNdy4U4ngeg2SAbHd3nC96JIoeI%3D,NEW,04/01/2026 16:27,SAST,-,-,-,-,-,-,-,-,-,-,-,-,-,-,-,-,-,-,-
Stored_XSS,java/Java_Critical_Risk/Stored_XSS,/src/main/webapp/admin/adminlogin.jsp,19,36,/UiU+PaPT8diwn95q9P7Aq2XM/0=,rs,/src/main/webapp/index.jsp,5,14,VSuh0civBwmabuDu+AVgzC93MKg=,print,To Verify,CRITICAL,-,https://rel-candidate.perf.cxast.net/sast-results/3534332e-7e18-446a-8446-de7e2bbd8027/7a0c2bd5-b974-40a6-927a-88b54c562444?redirect=true&resultId=AoQFJtg9tkMNwsYmZ9RS9o3By7w%3D,NEW,04/01/2026 16:27,SAST,-,-,-,-,-,-,-,-,-,-,-,-,-,-,-,-,-,-,-
Stored_XSS,java/Java_Critical_Risk/Stored_XSS,/src/main/webapp/admin/adminlogin.jsp,19,36,/UiU+PaPT8diwn95q9P7Aq2XM/0=,rs,/src/main/webapp/header.jsp,148,46,9Z3YE2mqqhwWAiSvCV6cCqOCP0U=,print,To Verify,CRITICAL,-,https://rel-candidate.perf.cxast.net/sast-results/3534332e-7e18-446a-8446-de7e2bbd8027/7a0c2bd5-b974-40a6-927a-88b54c562444?redirect=true&resultId=1rJMxK%2FUg8tQwZufWAyLIsv3mos%3D,NEW,04/01/2026 16:27,SAST,-,-,-,-,-,-,-,-,-,-,-,-,-,-,-,-,-,-,-
Stored_XSS,java/Java_Critical_Risk/Stored_XSS,/src/main/webapp/admin/adminlogin.jsp,19,36,/UiU+PaPT8diwn95q9P7Aq2XM/0=,rs,/src/main/webapp/header.jsp,87,137,HLj4a5pVQEG4Wy3Pj0ccAutePa8=,print,To Verify,CRITICAL,-,https://rel-candidate.perf.cxast.net/sast-results/3534332e-7e18-446a-8446-de7e2bbd8027/7a0c2bd5-b974-40a6-927a-88b54c562444?redirect=true&resultId=BeWIbPCvBaB5wHtLhHj%2BwtkrkPw%3D,NEW,04/01/2026 16:27,SAST,-,-,-,-,-,-,-,-,-,-,-,-,-,-,-,-,-,-,-
Stored_XSS,java/Java_Critical_Risk/Stored_XSS,/src/main/webapp/admin/adminlogin.jsp,19,36,/UiU+PaPT8diwn95q9P7Aq2XM/0=,rs,/src/main/webapp/vulnerability/DisplayMessage.jsp,35,24,IFtaq5fc01j80jS5ng2rMi7WEDM=,print,To Verify,CRITICAL,-,https://rel-candidate.perf.cxast.net/sast-results/3534332e-7e18-446a-8446-de7e2bbd8027/7a0c2bd5-b974-40a6-927a-88b54c562444?redirect=true&resultId=mVgCOKT3oqC82xFfdBrkXbnfE4U%3D,NEW,04/01/2026 16:27,SAST,-,-,-,-,-,-,-,-,-,-,-,-,-,-,-,-,-,-,-
Stored_XSS,java/Java_Critical_Risk/Stored_XSS,/src/main/webapp/admin/adminlogin.jsp,19,36,/UiU+PaPT8diwn95q9P7Aq2XM/0=,rs,/src/main/webapp/vulnerability/idor/change-email.jsp,36,14,1DAFqD+SbllgE3RMQXOUsHx1Or4=,print,To Verify,CRITICAL,-,https://rel-candidate.perf.cxast.net/sast-results/3534332e-7e18-446a-8446-de7e2bbd8027/7a0c2bd5-b974-40a6-927a-88b54c562444?redirect=true&resultId=Vy77upea%2F7lWO2Mkj2wDRkyNYfo%3D,NEW,04/01/2026 16:27,SAST,-,-,-,-,-,-,-,-,-,-,-,-,-,-,-,-,-,-,-
Stored_XSS,java/Java_Critical_Risk/Stored_XSS,/src/main/webapp/admin/adminlogin.jsp,19,36,/UiU+PaPT8diwn95q9P7Aq2XM/0=,rs,/src/main/webapp/vulnerability/Messages.jsp,24,15,phI+ytURXXjRr381Bhbx7VghuEk=,print,To Verify,CRITICAL,-,https://rel-candidate.perf.cxast.net/sast-results/3534332e-7e18-446a-8446-de7e2bbd8027/7a0c2bd5-b974-40a6-927a-88b54c562444?redirect=true&resultId=hOmZzE3RzMyBPcES2bBODWclwck%3D,NEW,04/01/2026 16:27,SAST,-,-,-,-,-,-,-,-,-,-,-,-,-,-,-,-,-,-,-
Stored_XSS,java/Java_Critical_Risk/Stored_XSS,/src/main/webapp/vulnerability/UserDetails.jsp,13,14,A33XlLjQWkIT4FwULiw5AlQSeFE=,rs,/src/main/webapp/vulnerability/UserDetails.jsp,16,26,8MaUts0c9hDxMv9wF6K3s93bebg=,print,To Verify,CRITICAL,-,https://rel-candidate.perf.cxast.net/sast-results/3534332e-7e18-446a-8446-de7e2bbd8027/7a0c2bd5-b974-40a6-927a-88b54c562444?redirect=true&resultId=LmXFsafHQCd9lV3hd8yGLao9X0Y%3D,NEW,04/01/2026 16:27,SAST,-,-,-,-,-,-,-,-,-,-,-,-,-,-,-,-,-,-,-
Stored_XSS,java/Java_Critical_Risk/Stored_XSS,/src/main/webapp/vulnerability/forum.jsp,60,14,sGPzx6BmoCftkAc+afUDDNamypA=,rs,/src/main/webapp/vulnerability/forum.jsp,73,30,pset9hcwzmHk7KX58xirEaAEED0=,print,To Verify,CRITICAL,-,https://rel-candidate.perf.cxast.net/sast-results/3534332e-7e18-446a-8446-de7e2bbd8027/7a0c2bd5-b974-40a6-927a-88b54c562444?redirect=true&resultId=JjFTg2G5%2BRxnPppNX42tGfOqPFk%3D,NEW,04/01/2026 16:27,SAST,-,-,-,-,-,-,-,-,-,-,-,-,-,-,-,-,-,-,-
Stored_XSS,java/Java_Critical_Risk/Stored_XSS,/src/main/webapp/vulnerability/forum.jsp,60,14,sGPzx6BmoCftkAc+afUDDNamypA=,rs,/src/main/webapp/vulnerability/forum.jsp,69,26,6KiBfAwXPbnI4KUuLeHxb0+onNc=,print,To Verify,CRITICAL,-,https://rel-candidate.perf.cxast.net/sast-results/3534332e-7e18-446a-8446-de7e2bbd8027/7a0c2bd5-b974-40a6-927a-88b54c562444?redirect=true&resultId=Jcd9lWjqY35gdwZtb9hX5HhryA4%3D,NEW,04/01/2026 16:27,SAST,-,-,-,-,-,-,-,-,-,-,-,-,-,-,-,-,-,-,-
Stored_XSS,java/Java_Critical_Risk/Stored_XSS,/src/main/webapp/admin/adminlogin.jsp,19,36,/UiU+PaPT8diwn95q9P7Aq2XM/0=,rs,/src/main/webapp/vulnerability/idor/change-email.jsp,19,65,uvXKmM3OBpDbluCZgSBidmkGE0k=,print,To Verify,CRITICAL,-,https://rel-candidate.perf.cxast.net/sast-results/3534332e-7e18-446a-8446-de7e2bbd8027/7a0c2bd5-b974-40a6-927a-88b54c562444?redirect=true&resultId=hXBxJMUl%2B5wOPptfhajQO2AhkdM%3D,NEW,04/01/2026 16:27,SAST,-,-,-,-,-,-,-,-,-,-,-,-,-,-,-,-,-,-,-
Stored_XSS,java/Java_Critical_Risk/Stored_XSS,/src/main/webapp/vulnerability/forum.jsp,60,14,sGPzx6BmoCftkAc+afUDDNamypA=,rs,/src/main/webapp/vulnerability/forum.jsp,65,26,i1g8DMJjzrZ4k+OQXRxVP1XLOKc=,print,To Verify,CRITICAL,-,https://rel-candidate.perf.cxast.net/sast-results/3534332e-7e18-446a-8446-de7e2bbd8027/7a0c2bd5-b974-40a6-927a-88b54c562444?redirect=true&resultId=a4skSNxg6JMw0fEmgdRTvFnoi3I%3D,NEW,04/01/2026 16:27,SAST,-,-,-,-,-,-,-,-,-,-,-,-,-,-,-,-,-,-,-
Stored_XSS,java/Java_Critical_Risk/Stored_XSS,/src/main/webapp/myprofile.jsp,29,27,j5ejjkJ13cYAbjlZh9K44nf6Rlg=,rs1,/src/main/webapp/myprofile.jsp,34,29,To7AKOKcHce3o4DljdXA6YfS3bQ=,print,To Verify,CRITICAL,-,https://rel-candidate.perf.cxast.net/sast-results/3534332e-7e18-446a-8446-de7e2bbd8027/7a0c2bd5-b974-40a6-927a-88b54c562444?redirect=true&resultId=idVvh7avKhXlz4%2FlTgnvUjwDjsQ%3D,NEW,04/01/2026 16:27,SAST,-,-,-,-,-,-,-,-,-,-,-,-,-,-,-,-,-,-,-
Stored_XSS,java/Java_Critical_Risk/Stored_XSS,/src/main/webapp/myprofile.jsp,29,27,j5ejjkJ13cYAbjlZh9K44nf6Rlg=,rs1,/src/main/webapp/myprofile.jsp,33,29,FGb37Z+n2UCPg50arTBCKKo2blE=,print,To Verify,CRITICAL,-,https://rel-candidate.perf.cxast.net/sast-results/3534332e-7e18-446a-8446-de7e2bbd8027/7a0c2bd5-b974-40a6-927a-88b54c562444?redirect=true&resultId=TEk0A84mFxOBO1Y6ARK8Eiv27lg%3D,NEW,04/01/2026 16:27,SAST,-,-,-,-,-,-,-,-,-,-,-,-,-,-,-,-,-,-,-
Stored_XSS,java/Java_Critical_Risk/Stored_XSS,/src/main/webapp/myprofile.jsp,21,14,XE61gtvFrIYkI/eq4wqqsbNQ2Gw=,rs,/src/main/webapp/myprofile.jsp,26,26,W51b8jxR7bC9UnTlgnUwWP2Bsig=,print,To Verify,CRITICAL,-,https://rel-candidate.perf.cxast.net/sast-results/3534332e-7e18-446a-8446-de7e2bbd8027/7a0c2bd5-b974-40a6-927a-88b54c562444?redirect=true&resultId=DpG2fJjZSEpaQg%2FBEnk%2BkeEDdp4%3D,NEW,04/01/2026 16:27,SAST,-,-,-,-,-,-,-,-,-,-,-,-,-,-,-,-,-,-,-
Stored_XSS,java/Java_Critical_Risk/Stored_XSS,/src/main/webapp/myprofile.jsp,29,27,j5ejjkJ13cYAbjlZh9K44nf6Rlg=,rs1,/src/main/webapp/myprofile.jsp,35,29,rB8mE/LwovH5E6/wIdnhyDUU5XQ=,print,To Verify,CRITICAL,-,https://rel-candidate.perf.cxast.net/sast-results/3534332e-7e18-446a-8446-de7e2bbd8027/7a0c2bd5-b974-40a6-927a-88b54c562444?redirect=true&resultId=5OEKNiH0GLKsZe06aWKW2qOmsf0%3D,NEW,04/01/2026 16:27,SAST,-,-,-,-,-,-,-,-,-,-,-,-,-,-,-,-,-,-,-
Stored_XSS,java/Java_Critical_Risk/Stored_XSS,/src/main/webapp/myprofile.jsp,21,14,XE61gtvFrIYkI/eq4wqqsbNQ2Gw=,rs,/src/main/webapp/myprofile.jsp,25,26,6N9Y05RJfXjyvtbLKHPNl18srSE=,print,To Verify,CRITICAL,-,https://rel-candidate.perf.cxast.net/sast-results/3534332e-7e18-446a-8446-de7e2bbd8027/7a0c2bd5-b974-40a6-927a-88b54c562444?redirect=true&resultId=V%2FiwAX3IhdbLgI6nuegwYRVr4m0%3D,NEW,04/01/2026 16:27,SAST,-,-,-,-,-,-,-,-,-,-,-,-,-,-,-,-,-,-,-
Stored_XSS,java/Java_Critical_Risk/Stored_XSS,/src/main/webapp/vulnerability/securitymisconfig/pages.jsp,19,20,rTk5fDKysleoy1qtNjsFztpmpIs=,rs,/src/main/webapp/vulnerability/securitymisconfig/pages.jsp,24,32,OBU82AxGXJgDjDtxSuQRD9xUxMM=,print,To Verify,CRITICAL,-,https://rel-candidate.perf.cxast.net/sast-results/3534332e-7e18-446a-8446-de7e2bbd8027/7a0c2bd5-b974-40a6-927a-88b54c562444?redirect=true&resultId=aUW2hbV%2FPOIT8E3hN4UtpKiokfA%3D,NEW,04/01/2026 16:27,SAST,-,-,-,-,-,-,-,-,-,-,-,-,-,-,-,-,-,-,-
Stored_XSS,java/Java_Critical_Risk/Stored_XSS,/src/main/webapp/vulnerability/securitymisconfig/pages.jsp,19,20,rTk5fDKysleoy1qtNjsFztpmpIs=,rs,/src/main/webapp/vulnerability/securitymisconfig/pages.jsp,23,32,Dm/8P99HRehM6YGI5Cn9o5j3FXY=,print,To Verify,CRITICAL,-,https://rel-candidate.perf.cxast.net/sast-results/3534332e-7e18-446a-8446-de7e2bbd8027/7a0c2bd5-b974-40a6-927a-88b54c562444?redirect=true&resultId=gXPxTHjaUg6GnNKs%2Bzs8BESBtl4%3D,NEW,04/01/2026 16:27,SAST,-,-,-,-,-,-,-,-,-,-,-,-,-,-,-,-,-,-,-
Stored_XSS,java/Java_Critical_Risk/Stored_XSS,/src/main/webapp/vulnerability/securitymisconfig/pages.jsp,19,20,rTk5fDKysleoy1qtNjsFztpmpIs=,rs,/src/main/webapp/vulnerability/securitymisconfig/pages.jsp,22,32,NPBMqZ1DBXxoOqhhiPHKjgGrlzg=,print,To Verify,CRITICAL,-,https://rel-candidate.perf.cxast.net/sast-results/3534332e-7e18-446a-8446-de7e2bbd8027/7a0c2bd5-b974-40a6-927a-88b54c562444?redirect=true&resultId=HodYCG2NhFGQQlBu3eUYT%2BlbiLk%3D,NEW,04/01/2026 16:27,SAST,-,-,-,-,-,-,-,-,-,-,-,-,-,-,-,-,-,-,-
Stored_XSS,java/Java_Critical_Risk/Stored_XSS,/src/main/webapp/myprofile.jsp,21,14,XE61gtvFrIYkI/eq4wqqsbNQ2Gw=,rs,/src/main/webapp/myprofile.jsp,24,26,4aJ/Uf7s3YIAPgFclvYoz+24H+c=,print,To Verify,CRITICAL,-,https://rel-candidate.perf.cxast.net/sast-results/3534332e-7e18-446a-8446-de7e2bbd8027/7a0c2bd5-b974-40a6-927a-88b54c562444?redirect=true&resultId=S9j1FQX5W1ZWLa5HZxER%2BzzZQLw%3D,NEW,04/01/2026 16:27,SAST,-,-,-,-,-,-,-,-,-,-,-,-,-,-,-,-,-,-,-
Stored_XSS,java/Java_Critical_Risk/Stored_XSS,/src/main/webapp/vulnerability/Messages.jsp,14,14,Vk6ksDqQ6oKPXlCFJbarAczmpW8=,rs,/src/main/webapp/vulnerability/Messages.jsp,19,26,kgkt+9G5ytz/YOhG/uJhXgYhUiM=,print,To Verify,CRITICAL,-,https://rel-candidate.perf.cxast.net/sast-results/3534332e-7e18-446a-8446-de7e2bbd8027/7a0c2bd5-b974-40a6-927a-88b54c562444?redirect=true&resultId=4Y9AAt%2Fsgftov5zT%2BHxK40BbcSE%3D,NEW,04/01/2026 16:27,SAST,-,-,-,-,-,-,-,-,-,-,-,-,-,-,-,-,-,-,-
Stored_XSS,java/Java_Critical_Risk/Stored_XSS,/src/main/webapp/admin/manageusers.jsp,19,12,CwuIDhKtGFKgekZNrUFDa7pTdKQ=,rs,/src/main/webapp/admin/manageusers.jsp,22,15,Eg0Wd89pkWsHdmSYauP6zc3UMVQ=,print,To Verify,CRITICAL,-,https://rel-candidate.perf.cxast.net/sast-results/3534332e-7e18-446a-8446-de7e2bbd8027/7a0c2bd5-b974-40a6-927a-88b54c562444?redirect=true&resultId=pFLpzke8x4SJuZpy%2F4IM5L%2FOwBk%3D,NEW,04/01/2026 16:27,SAST,-,-,-,-,-,-,-,-,-,-,-,-,-,-,-,-,-,-,-
Stored_XSS,java/Java_Critical_Risk/Stored_XSS,/src/main/webapp/vulnerability/DisplayMessage.jsp,16,14,qNA9Jq6AEXwyxfHBNbJmRSs52G8=,rs,/src/main/webapp/vulnerability/DisplayMessage.jsp,21,30,b+d5UZ5NGq1Wzuq/mf01tm4h4Tw=,print,To Verify,CRITICAL,-,https://rel-candidate.perf.cxast.net/sast-results/3534332e-7e18-446a-8446-de7e2bbd8027/7a0c2bd5-b974-40a6-927a-88b54c562444?redirect=true&resultId=ZRikQVbZLnTbRRRGTQXARgZ1NDU%3D,NEW,04/01/2026 16:27,SAST,-,-,-,-,-,-,-,-,-,-,-,-,-,-,-,-,-,-,-
Stored_XSS,java/Java_Critical_Risk/Stored_XSS,/src/main/webapp/vulnerability/DisplayMessage.jsp,16,14,qNA9Jq6AEXwyxfHBNbJmRSs52G8=,rs,/src/main/webapp/vulnerability/DisplayMessage.jsp,20,30,AMPf5fFOWMBR2Z6xBcRp4SXVO9Y=,print,To Verify,CRITICAL,-,https://rel-candidate.perf.cxast.net/sast-results/3534332e-7e18-446a-8446-de7e2bbd8027/7a0c2bd5-b974-40a6-927a-88b54c562444?redirect=true&resultId=ukOzT5lQ8lvXPYk4BsRWhQm6YL8%3D,NEW,04/01/2026 16:27,SAST,-,-,-,-,-,-,-,-,-,-,-,-,-,-,-,-,-,-,-
Stored_XSS,java/Java_Critical_Risk/Stored_XSS,/src/main/webapp/vulnerability/DisplayMessage.jsp,16,14,qNA9Jq6AEXwyxfHBNbJmRSs52G8=,rs,/src/main/webapp/vulnerability/DisplayMessage.jsp,19,30,LS2uAyyaXUwBCedtOSD/5dZsVyk=,print,To Verify,CRITICAL,-,https://rel-candidate.perf.cxast.net/sast-results/3534332e-7e18-446a-8446-de7e2bbd8027/7a0c2bd5-b974-40a6-927a-88b54c562444?redirect=true&resultId=R2f8KMKYqo0aNyOP9CvGXXNg0jo%3D,NEW,04/01/2026 16:27,SAST,-,-,-,-,-,-,-,-,-,-,-,-,-,-,-,-,-,-,-
Stored_XSS,java/Java_Critical_Risk/Stored_XSS,/src/main/webapp/vulnerability/forumposts.jsp,14,14,K0SL08tYVKbH6FO6imNDmYz+jJw=,rs,/src/main/webapp/vulnerability/forumposts.jsp,19,26,2rQuFmESBprdTZSOs7xhZzoJ3P8=,print,To Verify,CRITICAL,-,https://rel-candidate.perf.cxast.net/sast-results/3534332e-7e18-446a-8446-de7e2bbd8027/7a0c2bd5-b974-40a6-927a-88b54c562444?redirect=true&resultId=DGp%2Fa14%2FMa3sjw7QupggYL%2FlCy4%3D,NEW,04/01/2026 16:27,SAST,-,-,-,-,-,-,-,-,-,-,-,-,-,-,-,-,-,-,-
Stored_XSS,java/Java_Critical_Risk/Stored_XSS,/src/main/webapp/vulnerability/forumposts.jsp,14,14,K0SL08tYVKbH6FO6imNDmYz+jJw=,rs,/src/main/webapp/vulnerability/forumposts.jsp,18,26,Zv6T6X+8iKRr97vNQqxUmZOMVlA=,print,To Verify,CRITICAL,-,https://rel-candidate.perf.cxast.net/sast-results/3534332e-7e18-446a-8446-de7e2bbd8027/7a0c2bd5-b974-40a6-927a-88b54c562444?redirect=true&resultId=kIrjnZKSPU6blH8j0WD7GIm%2FcQA%3D,NEW,04/01/2026 16:27,SAST,-,-,-,-,-,-,-,-,-,-,-,-,-,-,-,-,-,-,-
Stored_XSS,java/Java_Critical_Risk/Stored_XSS,/src/main/webapp/vulnerability/forumposts.jsp,14,14,K0SL08tYVKbH6FO6imNDmYz+jJw=,rs,/src/main/webapp/vulnerability/forumposts.jsp,17,26,ClpZsuFSaQVXYdBYYOQzwK73VGk=,print,To Verify,CRITICAL,-,https://rel-candidate.perf.cxast.net/sast-results/3534332e-7e18-446a-8446-de7e2bbd8027/7a0c2bd5-b974-40a6-927a-88b54c562444?redirect=true&resultId=p%2BX9D4%2F61t1ljD0xrP1M9LWUr%2FU%3D,NEW,04/01/2026 16:27,SAST,-,-,-,-,-,-,-,-,-,-,-,-,-,-,-,-,-,-,-
Second_Order_SQL_Injection,java/Java_Critical_Risk/Second_Order_SQL_Injection,/src/main/webapp/admin/adminlogin.jsp,19,36,/UiU+PaPT8diwn95q9P7Aq2XM/0=,rs,/src/main/webapp/changeCardDetails.jsp,43,128,XYt3rG2dwccdzhzEb31CGBihh5Y=,BinaryExpr,To Verify,CRITICAL,-,https://rel-candidate.perf.cxast.net/sast-results/3534332e-7e18-446a-8446-de7e2bbd8027/7a0c2bd5-b974-40a6-927a-88b54c562444?redirect=true&resultId=M6t4VnVaIjByZJz9le6dasoqbT0%3D,NEW,04/01/2026 16:27,SAST,-,-,-,-,-,-,-,-,-,-,-,-,-,-,-,-,-,-,-
Stored_XSS,java/Java_Critical_Risk/Stored_XSS,/src/main/webapp/vulnerability/forumUsersList.jsp,12,14,vLmKupMEUi6d3tk3dbVLu0n6onQ=,rs,/src/main/webapp/vulnerability/forumUsersList.jsp,18,26,tKTzibuiAfRa7jfT9XMbnLAi8gI=,print,To Verify,CRITICAL,-,https://rel-candidate.perf.cxast.net/sast-results/3534332e-7e18-446a-8446-de7e2bbd8027/7a0c2bd5-b974-40a6-927a-88b54c562444?redirect=true&resultId=ukLX4p%2BtZX1CE4B0%2FNRNm1Eh%2FXs%3D,NEW,04/01/2026 16:27,SAST,-,-,-,-,-,-,-,-,-,-,-,-,-,-,-,-,-,-,-
Second_Order_SQL_Injection,java/Java_Critical_Risk/Second_Order_SQL_Injection,/src/main/webapp/admin/adminlogin.jsp,19,36,/UiU+PaPT8diwn95q9P7Aq2XM/0=,rs,/src/main/webapp/vulnerability/csrf/change-info.jsp,31,77,tgCfAo/azHVgv0o5x0nfvU5NhuA=,BinaryExpr,To Verify,CRITICAL,-,https://rel-candidate.perf.cxast.net/sast-results/3534332e-7e18-446a-8446-de7e2bbd8027/7a0c2bd5-b974-40a6-927a-88b54c562444?redirect=true&resultId=LfzQKYxg7ue6FMe%2BCDLTo7Lw7yU%3D,NEW,04/01/2026 16:27,SAST,-,-,-,-,-,-,-,-,-,-,-,-,-,-,-,-,-,-,-
Second_Order_SQL_Injection,java/Java_Critical_Risk/Second_Order_SQL_Injection,/src/main/webapp/admin/adminlogin.jsp,19,36,/UiU+PaPT8diwn95q9P7Aq2XM/0=,rs,/src/main/webapp/vulnerability/csrf/changepassword.jsp,40,82,G2tdD4bi18QN62j7IEa3TAidKkU=,BinaryExpr,To Verify,CRITICAL,-,https://rel-candidate.perf.cxast.net/sast-results/3534332e-7e18-446a-8446-de7e2bbd8027/7a0c2bd5-b974-40a6-927a-88b54c562444?redirect=true&resultId=YuMPeQYNiKH8hJUzAPhlQ90lRV8%3D,NEW,04/01/2026 16:27,SAST,-,-,-,-,-,-,-,-,-,-,-,-,-,-,-,-,-,-,-
Second_Order_SQL_Injection,java/Java_Critical_Risk/Second_Order_SQL_Injection,/src/main/webapp/admin/adminlogin.jsp,19,36,/UiU+PaPT8diwn95q9P7Aq2XM/0=,rs,/src/main/webapp/vulnerability/Messages.jsp,14,110,Yf/nMTDg7kxGy0x12gDKmoRlbfY=,BinaryExpr,To Verify,CRITICAL,-,https://rel-candidate.perf.cxast.net/sast-results/3534332e-7e18-446a-8446-de7e2bbd8027/7a0c2bd5-b974-40a6-927a-88b54c562444?redirect=true&resultId=bxPh8%2FJzPWIBPEcbaV6wvtL32SY%3D,NEW,04/01/2026 16:27,SAST,-,-,-,-,-,-,-,-,-,-,-,-,-,-,-,-,-,-,-
SQL_Injection,java/Java_Critical_Risk/SQL_Injection,/src/main/java/org/cysecurity/cspf/jvl/controller/UsernameCheck.java,43,49,6OEZsfiY6AZgsJpI8tKOdJ9FRtE=,"""""username""""",/src/main/java/org/cysecurity/cspf/jvl/controller/UsernameCheck.java,52,41,fa7pF35UjZGz3n3EvZa99GUjYzg=,executeQuery,To Verify,CRITICAL,-,https://rel-candidate.perf.cxast.net/sast-results/3534332e-7e18-446a-8446-de7e2bbd8027/7a0c2bd5-b974-40a6-927a-88b54c562444?redirect=true&resultId=DXmLjgHm2PaETddovl5vY8epPAg%3D,NEW,04/01/2026 16:27,SAST,-,-,-,-,-,-,-,-,-,-,-,-,-,-,-,-,-,-,-
SQL_Injection,java/Java_Critical_Risk/SQL_Injection,/src/main/java/org/cysecurity/cspf/jvl/controller/LoginValidator.java,44,44,9p0jA/+v6g+XC+h7ntCarUPVvb4=,"""""password""""",/src/main/java/org/cysecurity/cspf/jvl/controller/LoginValidator.java,52,56,wC1b2xJJY9Ch5wSaG1ThbODMPU8=,executeQuery,To Verify,CRITICAL,-,https://rel-candidate.perf.cxast.net/sast-results/3534332e-7e18-446a-8446-de7e2bbd8027/7a0c2bd5-b974-40a6-927a-88b54c562444?redirect=true&resultId=sbWmgyxwz2ziWcFnGcquK9XVZ4w%3D,NEW,04/01/2026 16:27,SAST,-,-,-,-,-,-,-,-,-,-,-,-,-,-,-,-,-,-,-
SQL_Injection,java/Java_Critical_Risk/SQL_Injection,/src/main/java/org/cysecurity/cspf/jvl/controller/EmailCheck.java,45,50,qUd4pY0UafGTU1PJ85oeP6UpCHw=,"""""email""""",/src/main/java/org/cysecurity/cspf/jvl/controller/EmailCheck.java,55,41,K+o5ohT57QZpxstzrWwYhj+QM50=,executeQuery,To Verify,CRITICAL,-,https://rel-candidate.perf.cxast.net/sast-results/3534332e-7e18-446a-8446-de7e2bbd8027/7a0c2bd5-b974-40a6-927a-88b54c562444?redirect=true&resultId=GlP2swJRmOO3nQpxC6mY4T%2FsacE%3D,NEW,04/01/2026 16:27,SAST,-,-,-,-,-,-,-,-,-,-,-,-,-,-,-,-,-,-,-
SQL_Injection,java/Java_Critical_Risk/SQL_Injection,/src/main/java/org/cysecurity/cspf/jvl/controller/Register.java,47,46,+P6j05pA13G0671h/JQe61V4r3E=,"""""secret""""",/src/main/java/org/cysecurity/cspf/jvl/controller/Register.java,58,53,mL5idCezqLZdkIyN+RPY3d7JrZo=,executeUpdate,To Verify,CRITICAL,-,https://rel-candidate.perf.cxast.net/sast-results/3534332e-7e18-446a-8446-de7e2bbd8027/7a0c2bd5-b974-40a6-927a-88b54c562444?redirect=true&resultId=a7m%2B2cAiXBa0gZv1QeS0V7dtIEk%3D,NEW,04/01/2026 16:27,SAST,-,-,-,-,-,-,-,-,-,-,-,-,-,-,-,-,-,-,-
SQL_Injection,java/Java_Critical_Risk/SQL_Injection,/src/main/java/org/cysecurity/cspf/jvl/controller/Install.java,58,39,gc4T1Vp3SUHgbcK6cR6Q8Y0SdyA=,"""""dbname""""",/src/main/java/org/cysecurity/cspf/jvl/controller/Install.java,117,48,FvQv7RMhcVdyL69F0mxyfKTdK3Y=,executeUpdate,To Verify,CRITICAL,-,https://rel-candidate.perf.cxast.net/sast-results/3534332e-7e18-446a-8446-de7e2bbd8027/7a0c2bd5-b974-40a6-927a-88b54c562444?redirect=true&resultId=Ru65RdCcbG0xjdazmNY1nAKT3W4%3D,NEW,04/01/2026 16:27,SAST,-,-,-,-,-,-,-,-,-,-,-,-,-,-,-,-,-,-,-
SQL_Injection,java/Java_Critical_Risk/SQL_Injection,/src/main/java/org/cysecurity/cspf/jvl/controller/Install.java,58,39,gc4T1Vp3SUHgbcK6cR6Q8Y0SdyA=,"""""dbname""""",/src/main/java/org/cysecurity/cspf/jvl/controller/Install.java,119,48,4BqCJIpmjL4Phm+dj0sko07AYTE=,executeUpdate,To Verify,CRITICAL,-,https://rel-candidate.perf.cxast.net/sast-results/3534332e-7e18-446a-8446-de7e2bbd8027/7a0c2bd5-b974-40a6-927a-88b54c562444?redirect=true&resultId=%2FqTUs3l0GyFsSCes1ZvhAdfbrj8%3D,NEW,04/01/2026 16:27,SAST,-,-,-,-,-,-,-,-,-,-,-,-,-,-,-,-,-,-,-
SQL_Injection,java/Java_Critical_Risk/SQL_Injection,/src/main/java/org/cysecurity/cspf/jvl/controller/sqs.java,25,47,6BwvwEszmzs6JGkxS+oDqxnbsLo=,receiveMessage,/src/main/java/org/cysecurity/cspf/jvl/controller/sqs.java,37,26,dUysZhyz77REX2EwC+RDi7iOxFE=,executeQuery,To Verify,CRITICAL,-,https://rel-candidate.perf.cxast.net/sast-results/3534332e-7e18-446a-8446-de7e2bbd8027/7a0c2bd5-b974-40a6-927a-88b54c562444?redirect=true&resultId=gApZdifYqZFRZsMnhoYssBJXHyc%3D,NEW,04/01/2026 16:27,SAST,-,-,-,-,-,-,-,-,-,-,-,-,-,-,-,-,-,-,-
SQL_Injection,java/Java_Critical_Risk/SQL_Injection,/src/main/java/org/cysecurity/cspf/jvl/controller/Install.java,60,41,jF6CI9wzAP/4O5/C/07KU5WfLZA=,"""""adminuser""""",/src/main/java/org/cysecurity/cspf/jvl/controller/Install.java,127,53,ffhWABmP97Vxlt7Fqq1EZsu9HYg=,executeUpdate,To Verify,CRITICAL,-,https://rel-candidate.perf.cxast.net/sast-results/3534332e-7e18-446a-8446-de7e2bbd8027/7a0c2bd5-b974-40a6-927a-88b54c562444?redirect=true&resultId=nGRfcXDkN60CFKPkjA2BwImL66c%3D,NEW,04/01/2026 16:27,SAST,-,-,-,-,-,-,-,-,-,-,-,-,-,-,-,-,-,-,-
SQL_Injection,java/Java_Critical_Risk/SQL_Injection,/src/main/webapp/vulnerability/csrf/changepassword.jsp,33,42,+CA73G0vwhw0P3IEQ/Zukse102Q=,"""""password""""",/src/main/webapp/vulnerability/csrf/changepassword.jsp,40,33,AxBI/LFWyE82dcBQATE7CA4oOHQ=,executeUpdate,To Verify,CRITICAL,-,https://rel-candidate.perf.cxast.net/sast-results/3534332e-7e18-446a-8446-de7e2bbd8027/7a0c2bd5-b974-40a6-927a-88b54c562444?redirect=true&resultId=kLszGQ9WgddX1pzS3ajD1jWOdiM%3D,NEW,04/01/2026 16:27,SAST,-,-,-,-,-,-,-,-,-,-,-,-,-,-,-,-,-,-,-
SQL_Injection,java/Java_Critical_Risk/SQL_Injection,/src/main/webapp/vulnerability/csrf/change-info.jsp,26,37,g1R541eZpFbk3rfI/6kQpyffuQQ=,"""""info""""",/src/main/webapp/vulnerability/csrf/change-info.jsp,31,31,0hxmfURcs3XuYYNSBKQ6tPFMuec=,executeUpdate,To Verify,CRITICAL,-,https://rel-candidate.perf.cxast.net/sast-results/3534332e-7e18-446a-8446-de7e2bbd8027/7a0c2bd5-b974-40a6-927a-88b54c562444?redirect=true&resultId=wHQXx7ykYgS1EHCrbdgIKyMszLA%3D,NEW,04/01/2026 16:27,SAST,-,-,-,-,-,-,-,-,-,-,-,-,-,-,-,-,-,-,-
SQL_Injection,java/Java_Critical_Risk/SQL_Injection,/src/main/webapp/vulnerability/idor/change-email.jsp,27,38,MmJvvDXzuuj+4yfemL3M25JIegk=,"""""email""""",/src/main/webapp/vulnerability/idor/change-email.jsp,32,31,Mx+qCADXCQ5R84Dq53cM2kuyQ78=,executeUpdate,To Verify,CRITICAL,-,https://rel-candidate.perf.cxast.net/sast-results/3534332e-7e18-446a-8446-de7e2bbd8027/7a0c2bd5-b974-40a6-927a-88b54c562444?redirect=true&resultId=Fdf1eqGVWChuRuGQULwXmkWMUZQ%3D,NEW,04/01/2026 16:27,SAST,-,-,-,-,-,-,-,-,-,-,-,-,-,-,-,-,-,-,-
SQL_Injection,java/Java_Critical_Risk/SQL_Injection,/src/main/webapp/changeCardDetails.jsp,37,44,mkk6f8bcgfbQ7GgtEDVTGoBlI9A=,"""""cardno""""",/src/main/webapp/changeCardDetails.jsp,43,28,C199BTZO2BS2glLDwbL4efSlfxY=,executeUpdate,To Verify,CRITICAL,-,https://rel-candidate.perf.cxast.net/sast-results/3534332e-7e18-446a-8446-de7e2bbd8027/7a0c2bd5-b974-40a6-927a-88b54c562444?redirect=true&resultId=kqZCyJgeFLrEeDa3MLiKfB4j1FU%3D,NEW,04/01/2026 16:27,SAST,-,-,-,-,-,-,-,-,-,-,-,-,-,-,-,-,-,-,-
SQL_Injection,java/Java_Critical_Risk/SQL_Injection,/src/main/webapp/changeCardDetails.jsp,38,41,KWhAM1qu8fX5W74uqWa0pZOD12Y=,"""""cvv""""",/src/main/webapp/changeCardDetails.jsp,43,28,C199BTZO2BS2glLDwbL4efSlfxY=,executeUpdate,To Verify,CRITICAL,-,https://rel-candidate.perf.cxast.net/sast-results/3534332e-7e18-446a-8446-de7e2bbd8027/7a0c2bd5-b974-40a6-927a-88b54c562444?redirect=true&resultId=97DdzO2cqr7cMff19zK%2FdmzT3OM%3D,NEW,04/01/2026 16:27,SAST,-,-,-,-,-,-,-,-,-,-,-,-,-,-,-,-,-,-,-
SQL_Injection,java/Java_Critical_Risk/SQL_Injection,/src/main/webapp/changeCardDetails.jsp,39,48,VDZ9JaAFAWLYVJmiFbAEL/9bhA8=,"""""expirydate""""",/src/main/webapp/changeCardDetails.jsp,43,28,C199BTZO2BS2glLDwbL4efSlfxY=,executeUpdate,To Verify,CRITICAL,-,https://rel-candidate.perf.cxast.net/sast-results/3534332e-7e18-446a-8446-de7e2bbd8027/7a0c2bd5-b974-40a6-927a-88b54c562444?redirect=true&resultId=%2BWGQsuulmTDC9aLnBh96vp95VQI%3D,NEW,04/01/2026 16:27,SAST,-,-,-,-,-,-,-,-,-,-,-,-,-,-,-,-,-,-,-
SQL_Injection,java/Java_Critical_Risk/SQL_Injection,/src/main/java/org/cysecurity/cspf/jvl/controller/LoginValidator.java,43,41,7Uk69FgW8izWIC+dW0OCfhekdRE=,"""""username""""",/src/main/java/org/cysecurity/cspf/jvl/controller/LoginValidator.java,52,56,wC1b2xJJY9Ch5wSaG1ThbODMPU8=,executeQuery,To Verify,CRITICAL,-,https://rel-candidate.perf.cxast.net/sast-results/3534332e-7e18-446a-8446-de7e2bbd8027/7a0c2bd5-b974-40a6-927a-88b54c562444?redirect=true&resultId=DXzxCgT6N%2F0yJTF1Pl700frD9Dw%3D,NEW,04/01/2026 16:27,SAST,-,-,-,-,-,-,-,-,-,-,-,-,-,-,-,-,-,-,-
SQL_Injection,java/Java_Critical_Risk/SQL_Injection,/src/main/webapp/vulnerability/forum.jsp,43,71,Qhrcy9wXEOvDOAz9GwtWQ5LaTfE=,"""""title""""",/src/main/webapp/vulnerability/forum.jsp,48,61,4IHCKFZ3Rb9FJQJUuJ/kgjrpvbU=,executeUpdate,To Verify,CRITICAL,-,https://rel-candidate.perf.cxast.net/sast-results/3534332e-7e18-446a-8446-de7e2bbd8027/7a0c2bd5-b974-40a6-927a-88b54c562444?redirect=true&resultId=XVM%2BE%2FSJV6wd%2Fr10IOcwFvfCRyI%3D,NEW,04/01/2026 16:27,SAST,-,-,-,-,-,-,-,-,-,-,-,-,-,-,-,-,-,-,-
SQL_Injection,java/Java_Critical_Risk/SQL_Injection,/src/main/webapp/vulnerability/sqli/download_id.jsp,18,40,RmHcBvO2LSzRkElZ8vT4eLOQfe8=,"""""fileid""""",/src/main/webapp/vulnerability/sqli/download_id.jsp,24,34,U4OCkavtHYqpJOYMo7j1AG1tb8Q=,executeQuery,To Verify,CRITICAL,-,https://rel-candidate.perf.cxast.net/sast-results/3534332e-7e18-446a-8446-de7e2bbd8027/7a0c2bd5-b974-40a6-927a-88b54c562444?redirect=true&resultId=%2BoW8nW3BOeM5V%2BvA9veYTtSO2EM%3D,NEW,04/01/2026 16:27,SAST,-,-,-,-,-,-,-,-,-,-,-,-,-,-,-,-,-,-,-
SQL_Injection,java/Java_Critical_Risk/SQL_Injection,/src/main/webapp/vulnerability/sqli/download_id_union.jsp,18,40,OQYBB1TcSAEPztaVJhibjaZwCK8=,"""""fileid""""",/src/main/webapp/vulnerability/sqli/download_id_union.jsp,24,34,CGx0USYAvPSYTOQIJgoc6h3Nf3M=,executeQuery,To Verify,CRITICAL,-,https://rel-candidate.perf.cxast.net/sast-results/3534332e-7e18-446a-8446-de7e2bbd8027/7a0c2bd5-b974-40a6-927a-88b54c562444?redirect=true&resultId=OTWTDkRlF4KGxEy0f20hF5BhvOI%3D,NEW,04/01/2026 16:27,SAST,-,-,-,-,-,-,-,-,-,-,-,-,-,-,-,-,-,-,-
SQL_Injection,java/Java_Critical_Risk/SQL_Injection,/src/main/webapp/myprofile.jsp,16,35,WfuO+Oy066IXlGfk5+iEL+DJtpI=,"""""id""""",/src/main/webapp/myprofile.jsp,29,48,gZNgdztIrua3cXX/ipNGefBdaxI=,executeQuery,To Verify,CRITICAL,-,https://rel-candidate.perf.cxast.net/sast-results/3534332e-7e18-446a-8446-de7e2bbd8027/7a0c2bd5-b974-40a6-927a-88b54c562444?redirect=true&resultId=bUnw22dFMaXc92nqmYb3L8Ni0tA%3D,NEW,04/01/2026 16:27,SAST,-,-,-,-,-,-,-,-,-,-,-,-,-,-,-,-,-,-,-
SQL_Injection,java/Java_Critical_Risk/SQL_Injection,/src/main/webapp/myprofile.jsp,16,35,WfuO+Oy066IXlGfk5+iEL+DJtpI=,"""""id""""",/src/main/webapp/myprofile.jsp,21,34,RRqGp0C54UC3AaQ8/VzPdFkjijQ=,executeQuery,To Verify,CRITICAL,-,https://rel-candidate.perf.cxast.net/sast-results/3534332e-7e18-446a-8446-de7e2bbd8027/7a0c2bd5-b974-40a6-927a-88b54c562444?redirect=true&resultId=Fwvdblh3mTMGfE9Vws4IdfYNJyc%3D,NEW,04/01/2026 16:27,SAST,-,-,-,-,-,-,-,-,-,-,-,-,-,-,-,-,-,-,-
SQL_Injection,java/Java_Critical_Risk/SQL_Injection,/src/main/webapp/vulnerability/UserDetails.jsp,8,41,xIWeeIwoTZPtxrnJnCJUwqnpAXc=,"""""username""""",/src/main/webapp/vulnerability/UserDetails.jsp,13,34,OQzeIBvKNIu/z/vq6JZGndz1gqQ=,executeQuery,To Verify,CRITICAL,-,https://rel-candidate.perf.cxast.net/sast-results/3534332e-7e18-446a-8446-de7e2bbd8027/7a0c2bd5-b974-40a6-927a-88b54c562444?redirect=true&resultId=73VT%2BFrVbew4DzSiViR0RNvs9Cg%3D,NEW,04/01/2026 16:27,SAST,-,-,-,-,-,-,-,-,-,-,-,-,-,-,-,-,-,-,-
SQL_Injection,java/Java_Critical_Risk/SQL_Injection,/src/main/java/org/cysecurity/cspf/jvl/controller/Register.java,46,45,Y/mjUTZPRcIrLCla1NeiXn/0OYs=,"""""About""""",/src/main/java/org/cysecurity/cspf/jvl/controller/Register.java,58,53,mL5idCezqLZdkIyN+RPY3d7JrZo=,executeUpdate,To Verify,CRITICAL,-,https://rel-candidate.perf.cxast.net/sast-results/3534332e-7e18-446a-8446-de7e2bbd8027/7a0c2bd5-b974-40a6-927a-88b54c562444?redirect=true&resultId=3F3pL1j4RtMRTMm8iExaXF%2F8ra8%3D,NEW,04/01/2026 16:27,SAST,-,-,-,-,-,-,-,-,-,-,-,-,-,-,-,-,-,-,-
SQL_Injection,java/Java_Critical_Risk/SQL_Injection,/src/main/java/org/cysecurity/cspf/jvl/controller/Register.java,45,45,GSj4I2o/UEGQirj9sPMm1oFn+os=,"""""email""""",/src/main/java/org/cysecurity/cspf/jvl/controller/Register.java,58,53,mL5idCezqLZdkIyN+RPY3d7JrZo=,executeUpdate,To Verify,CRITICAL,-,https://rel-candidate.perf.cxast.net/sast-results/3534332e-7e18-446a-8446-de7e2bbd8027/7a0c2bd5-b974-40a6-927a-88b54c562444?redirect=true&resultId=Hrqs5NNfYc9d996%2B9Rerim5%2FQNo%3D,NEW,04/01/2026 16:27,SAST,-,-,-,-,-,-,-,-,-,-,-,-,-,-,-,-,-,-,-
SQL_Injection,java/Java_Critical_Risk/SQL_Injection,/src/main/java/org/cysecurity/cspf/jvl/controller/Register.java,44,44,3WDxoPSpgaNsu9LYVY2wZyQDKNs=,"""""password""""",/src/main/java/org/cysecurity/cspf/jvl/controller/Register.java,58,53,mL5idCezqLZdkIyN+RPY3d7JrZo=,executeUpdate,To Verify,CRITICAL,-,https://rel-candidate.perf.cxast.net/sast-results/3534332e-7e18-446a-8446-de7e2bbd8027/7a0c2bd5-b974-40a6-927a-88b54c562444?redirect=true&resultId=go%2Fg2f0lNvWlmsXaoUVNgiXod%2BQ%3D,NEW,04/01/2026 16:27,SAST,-,-,-,-,-,-,-,-,-,-,-,-,-,-,-,-,-,-,-
SQL_Injection,java/Java_Critical_Risk/SQL_Injection,/src/main/java/org/cysecurity/cspf/jvl/controller/Register.java,43,43,Fd39ajTvJQV78tMH3BpNZ1a1nKQ=,"""""username""""",/src/main/java/org/cysecurity/cspf/jvl/controller/Register.java,59,58,OdGV3OpIh6gI8ol2XrtSL8vZQFg=,executeUpdate,To Verify,CRITICAL,-,https://rel-candidate.perf.cxast.net/sast-results/3534332e-7e18-446a-8446-de7e2bbd8027/7a0c2bd5-b974-40a6-927a-88b54c562444?redirect=true&resultId=hfSBQXMcW3tj7aecOqZ7Bi2d0vk%3D,NEW,04/01/2026 16:27,SAST,-,-,-,-,-,-,-,-,-,-,-,-,-,-,-,-,-,-,-
SQL_Injection,java/Java_Critical_Risk/SQL_Injection,/src/main/java/org/cysecurity/cspf/jvl/controller/Register.java,43,43,Fd39ajTvJQV78tMH3BpNZ1a1nKQ=,"""""username""""",/src/main/java/org/cysecurity/cspf/jvl/controller/Register.java,58,53,mL5idCezqLZdkIyN+RPY3d7JrZo=,executeUpdate,To Verify,CRITICAL,-,https://rel-candidate.perf.cxast.net/sast-results/3534332e-7e18-446a-8446-de7e2bbd8027/7a0c2bd5-b974-40a6-927a-88b54c562444?redirect=true&resultId=WJZqOwwVlGeaF6jwBtj9VgjFGME%3D,NEW,04/01/2026 16:27,SAST,-,-,-,-,-,-,-,-,-,-,-,-,-,-,-,-,-,-,-
SQL_Injection,java/Java_Critical_Risk/SQL_Injection,/src/main/webapp/vulnerability/forum.jsp,42,73,yFIbBoI7LFdzu2EUm0r6eqDj8Gw=,"""""content""""",/src/main/webapp/vulnerability/forum.jsp,48,61,4IHCKFZ3Rb9FJQJUuJ/kgjrpvbU=,executeUpdate,To Verify,CRITICAL,-,https://rel-candidate.perf.cxast.net/sast-results/3534332e-7e18-446a-8446-de7e2bbd8027/7a0c2bd5-b974-40a6-927a-88b54c562444?redirect=true&resultId=9cLWBUzt6LZRzqERVRjthgkL3o8%3D,NEW,04/01/2026 16:27,SAST,-,-,-,-,-,-,-,-,-,-,-,-,-,-,-,-,-,-,-
SQL_Injection,java/Java_Critical_Risk/SQL_Injection,/src/main/webapp/vulnerability/forum.jsp,41,70,Wnii8tyWg0lv2whHCz7xrCQJnjg=,"""""user""""",/src/main/webapp/vulnerability/forum.jsp,48,61,4IHCKFZ3Rb9FJQJUuJ/kgjrpvbU=,executeUpdate,To Verify,CRITICAL,-,https://rel-candidate.perf.cxast.net/sast-results/3534332e-7e18-446a-8446-de7e2bbd8027/7a0c2bd5-b974-40a6-927a-88b54c562444?redirect=true&resultId=8rAPymuk%2BcnO78V6PH%2FxDYrBHuw%3D,NEW,04/01/2026 16:27,SAST,-,-,-,-,-,-,-,-,-,-,-,-,-,-,-,-,-,-,-
SQL_Injection,java/Java_Critical_Risk/SQL_Injection,/src/main/webapp/vulnerability/idor/change-email.jsp,28,35,LhnTtK1XvDzwyjQ6FnRY8TwUAeU=,"""""id""""",/src/main/webapp/vulnerability/idor/change-email.jsp,32,31,Mx+qCADXCQ5R84Dq53cM2kuyQ78=,executeUpdate,To Verify,CRITICAL,-,https://rel-candidate.perf.cxast.net/sast-results/3534332e-7e18-446a-8446-de7e2bbd8027/7a0c2bd5-b974-40a6-927a-88b54c562444?redirect=true&resultId=26Z3AWYaEB%2BumUXkqyJ454ySp48%3D,NEW,04/01/2026 16:27,SAST,-,-,-,-,-,-,-,-,-,-,-,-,-,-,-,-,-,-,-
SQL_Injection,java/Java_Critical_Risk/SQL_Injection,/src/main/webapp/admin/manageusers.jsp,13,39,mXrpBbgmIW5QNwNRa3ZwyS7+GSQ=,"""""user""""",/src/main/webapp/admin/manageusers.jsp,14,24,Q8a5WXtPfxDoovUQuO3BQDqzowQ=,executeUpdate,To Verify,CRITICAL,-,https://rel-candidate.perf.cxast.net/sast-results/3534332e-7e18-446a-8446-de7e2bbd8027/7a0c2bd5-b974-40a6-927a-88b54c562444?redirect=true&resultId=qYZn7%2Bh3UBrUX0JFoBhRC5TjWrw%3D,NEW,04/01/2026 16:27,SAST,-,-,-,-,-,-,-,-,-,-,-,-,-,-,-,-,-,-,-
SQL_Injection,java/Java_Critical_Risk/SQL_Injection,/src/main/webapp/vulnerability/forumposts.jsp,9,39,Jd7Wfdu/B5gb8QA4JnUWw7AunFM=,"""""postid""""",/src/main/webapp/vulnerability/forumposts.jsp,14,34,VJQm/N0lHooCqWXUMZf+1ZBVnkQ=,executeQuery,To Verify,CRITICAL,-,https://rel-candidate.perf.cxast.net/sast-results/3534332e-7e18-446a-8446-de7e2bbd8027/7a0c2bd5-b974-40a6-927a-88b54c562444?redirect=true&resultId=%2FzXp8L6TOg9jMLQMqX3Ptn3fOuU%3D,NEW,04/01/2026 16:27,SAST,-,-,-,-,-,-,-,-,-,-,-,-,-,-,-,-,-,-,-
SQL_Injection,java/Java_Critical_Risk/SQL_Injection,/src/main/webapp/vulnerability/DisplayMessage.jsp,16,98,mmW83SwPkoxKmqO73OaDAJ1Dz+w=,"""""msgid""""",/src/main/webapp/vulnerability/DisplayMessage.jsp,16,34,AqNcu3vH5ztuwITndAXCxiKYGIA=,executeQuery,To Verify,CRITICAL,-,https://rel-candidate.perf.cxast.net/sast-results/3534332e-7e18-446a-8446-de7e2bbd8027/7a0c2bd5-b974-40a6-927a-88b54c562444?redirect=true&resultId=hpL3V2d%2FuktSki6kIGm3G0N0SWI%3D,NEW,04/01/2026 16:27,SAST,-,-,-,-,-,-,-,-,-,-,-,-,-,-,-,-,-,-,-
SQL_Injection,java/Java_Critical_Risk/SQL_Injection,/src/main/webapp/ForgotPassword.jsp,42,157,2KHDdH1aaiIYKb8sImw2Vk3qYQA=,"""""secret""""",/src/main/webapp/ForgotPassword.jsp,42,39,xMjpnXUJVfgeTYeKSWLzItW8Xa8=,executeQuery,To Verify,CRITICAL,-,https://rel-candidate.perf.cxast.net/sast-results/3534332e-7e18-446a-8446-de7e2bbd8027/7a0c2bd5-b974-40a6-927a-88b54c562444?redirect=true&resultId=iyX2UXxON8q8gUYN%2Byn8X8U8NFo%3D,NEW,04/01/2026 16:27,SAST,-,-,-,-,-,-,-,-,-,-,-,-,-,-,-,-,-,-,-
SQL_Injection,java/Java_Critical_Risk/SQL_Injection,/src/main/webapp/ForgotPassword.jsp,42,100,sdRChwfnjETBP4vT2Po46JiUWFw=,"""""username""""",/src/main/webapp/ForgotPassword.jsp,42,39,xMjpnXUJVfgeTYeKSWLzItW8Xa8=,executeQuery,To Verify,CRITICAL,-,https://rel-candidate.perf.cxast.net/sast-results/3534332e-7e18-446a-8446-de7e2bbd8027/7a0c2bd5-b974-40a6-927a-88b54c562444?redirect=true&resultId=L2vgNjKwIlpCwV80tPGjznOhELg%3D,NEW,04/01/2026 16:27,SAST,-,-,-,-,-,-,-,-,-,-,-,-,-,-,-,-,-,-,-
SQL_Injection,java/Java_Critical_Risk/SQL_Injection,/src/main/webapp/admin/adminlogin.jsp,11,39,/HHDwoexFTApNDONEjZ8zoT8xgo=,"""""username""""",/src/main/webapp/admin/adminlogin.jsp,19,56,2eGPNPK5qrwEu5PQ/4ai768URTc=,executeQuery,To Verify,CRITICAL,-,https://rel-candidate.perf.cxast.net/sast-results/3534332e-7e18-446a-8446-de7e2bbd8027/7a0c2bd5-b974-40a6-927a-88b54c562444?redirect=true&resultId=034FFGSSbqlZqo7KUHBuDs9IMJ8%3D,NEW,04/01/2026 16:27,SAST,-,-,-,-,-,-,-,-,-,-,-,-,-,-,-,-,-,-,-
Unsafe_Reflection,java/Java_High_Risk/Unsafe_Reflection,/src/main/java/org/cysecurity/cspf/jvl/controller/Install.java,55,43,lgvQMArESkO1CGdMfNCByHEmlx0=,"""""jdbcdriver""""",/src/main/java/org/cysecurity/cspf/jvl/controller/Install.java,111,35,CGwHuxlTNg+nrEKYE2bRJfpOKk4=,jdbcdriver,To Verify,HIGH,-,https://rel-candidate.perf.cxast.net/sast-results/3534332e-7e18-446a-8446-de7e2bbd8027/7a0c2bd5-b974-40a6-927a-88b54c562444?redirect=true&resultId=hWQW1gKjR4Vkyn1bU5GhkyrzSCg%3D,NEW,04/01/2026 16:27,SAST,-,-,-,-,-,-,-,-,-,-,-,-,-,-,-,-,-,-,-
SSRF,java/Java_High_Risk/SSRF,/src/main/java/org/cysecurity/cspf/jvl/controller/Install.java,58,39,gc4T1Vp3SUHgbcK6cR6Q8Y0SdyA=,"""""dbname""""",/src/main/java/org/cysecurity/cspf/jvl/controller/Install.java,121,67,8GxZv9I6NxpdUDNN861Ek+Ha5z8=,BinaryExpr,To Verify,HIGH,-,https://rel-candidate.perf.cxast.net/sast-results/3534332e-7e18-446a-8446-de7e2bbd8027/7a0c2bd5-b974-40a6-927a-88b54c562444?redirect=true&resultId=aAzqpgnhlFxM5x1hBYmi76r64m8%3D,NEW,04/01/2026 16:27,SAST,-,-,-,-,-,-,-,-,-,-,-,-,-,-,-,-,-,-,-
SSRF,java/Java_High_Risk/SSRF,/src/main/java/org/cysecurity/cspf/jvl/controller/Install.java,54,38,AfFZUneBFd6UQhSh+XE+NiS1wSc=,"""""dburl""""",/src/main/java/org/cysecurity/cspf/jvl/controller/Install.java,121,67,8GxZv9I6NxpdUDNN861Ek+Ha5z8=,BinaryExpr,To Verify,HIGH,-,https://rel-candidate.perf.cxast.net/sast-results/3534332e-7e18-446a-8446-de7e2bbd8027/7a0c2bd5-b974-40a6-927a-88b54c562444?redirect=true&resultId=3YWEyO%2FJo9cCaf%2BKQ7QBO1WNJGM%3D,NEW,04/01/2026 16:27,SAST,-,-,-,-,-,-,-,-,-,-,-,-,-,-,-,-,-,-,-
SSRF,java/Java_High_Risk/SSRF,/src/main/java/org/cysecurity/cspf/jvl/controller/Install.java,54,38,AfFZUneBFd6UQhSh+XE+NiS1wSc=,"""""dburl""""",/src/main/java/org/cysecurity/cspf/jvl/controller/Install.java,112,65,pDAwrDbYHHsaQho/qD/NxKTDNBg=,dburl,To Verify,HIGH,-,https://rel-candidate.perf.cxast.net/sast-results/3534332e-7e18-446a-8446-de7e2bbd8027/7a0c2bd5-b974-40a6-927a-88b54c562444?redirect=true&resultId=%2BkfnOTD4q8iFbMtUZ7VtcRNsivE%3D,NEW,04/01/2026 16:27,SAST,-,-,-,-,-,-,-,-,-,-,-,-,-,-,-,-,-,-,-
Relative_Path_Traversal,java/Java_High_Risk/Relative_Path_Traversal,/src/main/java/org/cysecurity/cspf/jvl/controller/AddPageVru.java,40,49,QN2Rk4DJjlpYk9fLI3xMpZ6005o=,"""""filename""""",/src/main/java/org/cysecurity/cspf/jvl/controller/AddPageVru.java,46,20,BSFI7iPXfxc3O0LraSx7LuyL2cM=,File,To Verify,HIGH,-,https://rel-candidate.perf.cxast.net/sast-results/3534332e-7e18-446a-8446-de7e2bbd8027/7a0c2bd5-b974-40a6-927a-88b54c562444?redirect=true&resultId=cZkW3PxXvaKPcjSpwimq9%2FCPDI0%3D,NEW,04/01/2026 16:27,SAST,-,-,-,-,-,-,-,-,-,-,-,-,-,-,-,-,-,-,-
Relative_Path_Traversal,java/Java_High_Risk/Relative_Path_Traversal,/src/main/java/org/cysecurity/cspf/jvl/controller/AddPage.java,40,49,lmOzQyvfLLpdqpef9GkyLjC91tc=,"""""filename""""",/src/main/java/org/cysecurity/cspf/jvl/controller/AddPage.java,46,20,ul85wC2+5vM2n2MQX9mSbmv/Fpg=,File,To Verify,HIGH,-,https://rel-candidate.perf.cxast.net/sast-results/3534332e-7e18-446a-8446-de7e2bbd8027/7a0c2bd5-b974-40a6-927a-88b54c562444?redirect=true&resultId=h0JjKOIbeONodjQTJYDSIuQ2qt0%3D,NEW,04/01/2026 16:27,SAST,-,-,-,-,-,-,-,-,-,-,-,-,-,-,-,-,-,-,-
Reflected_XSS,java/Java_High_Risk/Reflected_XSS,/src/main/java/org/cysecurity/cspf/jvl/controller/AddPageVru.java,40,49,QN2Rk4DJjlpYk9fLI3xMpZ6005o=,"""""filename""""",/src/main/java/org/cysecurity/cspf/jvl/controller/AddPageVru.java,56,30,KUSGo66rwtoQPVoREpcrrtOU99E=,print,To Verify,HIGH,-,https://rel-candidate.perf.cxast.net/sast-results/3534332e-7e18-446a-8446-de7e2bbd8027/7a0c2bd5-b974-40a6-927a-88b54c562444?redirect=true&resultId=Vn2L2lB7%2BUSyo%2B%2Bd8WX%2B6Qrai1c%3D,NEW,04/01/2026 16:27,SAST,-,-,-,-,-,-,-,-,-,-,-,-,-,-,-,-,-,-,-
Reflected_XSS,java/Java_High_Risk/Reflected_XSS,/src/main/java/org/cysecurity/cspf/jvl/controller/AddPage.java,40,49,lmOzQyvfLLpdqpef9GkyLjC91tc=,"""""filename""""",/src/main/java/org/cysecurity/cspf/jvl/controller/AddPage.java,56,30,02sKl9wlyefjRArH35VHnGEFKdE=,print,To Verify,HIGH,-,https://rel-candidate.perf.cxast.net/sast-results/3534332e-7e18-446a-8446-de7e2bbd8027/7a0c2bd5-b974-40a6-927a-88b54c562444?redirect=true&resultId=CzQ4d3FP2hlhBx3xFwA84dGAQ9Y%3D,NEW,04/01/2026 16:27,SAST,-,-,-,-,-,-,-,-,-,-,-,-,-,-,-,-,-,-,-
Relative_Path_Traversal,java/Java_High_Risk/Relative_Path_Traversal,/src/main/webapp/vulnerability/sqli/download_id.jsp,18,40,RmHcBvO2LSzRkElZ8vT4eLOQfe8=,"""""fileid""""",/src/main/webapp/vulnerability/sqli/download_id.jsp,37,36,dOHiW1IkVQI3minK8k5KeWILaiw=,File,To Verify,HIGH,-,https://rel-candidate.perf.cxast.net/sast-results/3534332e-7e18-446a-8446-de7e2bbd8027/7a0c2bd5-b974-40a6-927a-88b54c562444?redirect=true&resultId=iIyaxyWVe8tXR19WUMamy4QJLjk%3D,NEW,04/01/2026 16:27,SAST,-,-,-,-,-,-,-,-,-,-,-,-,-,-,-,-,-,-,-
Relative_Path_Traversal,java/Java_High_Risk/Relative_Path_Traversal,/src/main/java/org/cysecurity/cspf/jvl/controller/ForwardMe.java,39,54,DAVme05YGEeMugH6XlhSV9mhMtI=,"""""location""""",/src/main/java/org/cysecurity/cspf/jvl/controller/ForwardMe.java,42,35,YzVuskUMZsekxLmGPUCghSr0KzU=,forward,To Verify,HIGH,-,https://rel-candidate.perf.cxast.net/sast-results/3534332e-7e18-446a-8446-de7e2bbd8027/7a0c2bd5-b974-40a6-927a-88b54c562444?redirect=true&resultId=64WdNEiY9aZGS5FReNoS8C0ab7Q%3D,NEW,04/01/2026 16:27,SAST,-,-,-,-,-,-,-,-,-,-,-,-,-,-,-,-,-,-,-
Relative_Path_Traversal,java/Java_High_Risk/Relative_Path_Traversal,/src/main/webapp/vulnerability/sqli/download_id.jsp,18,40,RmHcBvO2LSzRkElZ8vT4eLOQfe8=,"""""fileid""""",/src/main/webapp/vulnerability/sqli/download_id.jsp,32,24,wmuYcB5wSpgkqmmnUh1SPQwMj2k=,File,To Verify,HIGH,-,https://rel-candidate.perf.cxast.net/sast-results/3534332e-7e18-446a-8446-de7e2bbd8027/7a0c2bd5-b974-40a6-927a-88b54c562444?redirect=true&resultId=2RQIzrjPpS3InW0COIVYLh6xTbs%3D,NEW,04/01/2026 16:27,SAST,-,-,-,-,-,-,-,-,-,-,-,-,-,-,-,-,-,-,-
Relative_Path_Traversal,java/Java_High_Risk/Relative_Path_Traversal,/src/main/webapp/vulnerability/sqli/download_id_union.jsp,18,40,OQYBB1TcSAEPztaVJhibjaZwCK8=,"""""fileid""""",/src/main/webapp/vulnerability/sqli/download_id_union.jsp,32,24,NAqhcTK1RCvBaKq/RBZYh9XgUis=,File,To Verify,HIGH,-,https://rel-candidate.perf.cxast.net/sast-results/3534332e-7e18-446a-8446-de7e2bbd8027/7a0c2bd5-b974-40a6-927a-88b54c562444?redirect=true&resultId=trc3gC9xR%2Fj3o6EN94F3ghFix1Q%3D,NEW,04/01/2026 16:27,SAST,-,-,-,-,-,-,-,-,-,-,-,-,-,-,-,-,-,-,-
Relative_Path_Traversal,java/Java_High_Risk/Relative_Path_Traversal,/src/main/webapp/vulnerability/sqli/download_id_union.jsp,18,40,OQYBB1TcSAEPztaVJhibjaZwCK8=,"""""fileid""""",/src/main/webapp/vulnerability/sqli/download_id_union.jsp,37,36,B5R0aNpr64SqXcr598mCoaG1Dn8=,File,To Verify,HIGH,-,https://rel-candidate.perf.cxast.net/sast-results/3534332e-7e18-446a-8446-de7e2bbd8027/7a0c2bd5-b974-40a6-927a-88b54c562444?redirect=true&resultId=DdSL9vidtzfK%2BDEruawVqRGu6pQ%3D,NEW,04/01/2026 16:27,SAST,-,-,-,-,-,-,-,-,-,-,-,-,-,-,-,-,-,-,-
Reflected_XSS,java/Java_High_Risk/Reflected_XSS,/src/main/java/org/cysecurity/cspf/jvl/controller/xxe.java,44,49,KZh/a1eckIbpMniYogNVJsGGzA4=,getInputStream,/src/main/java/org/cysecurity/cspf/jvl/controller/xxe.java,54,22,5NscGGqk6IpuBi4vAtFW5aCBlls=,print,To Verify,HIGH,-,https://rel-candidate.perf.cxast.net/sast-results/3534332e-7e18-446a-8446-de7e2bbd8027/7a0c2bd5-b974-40a6-927a-88b54c562444?redirect=true&resultId=myT3psKwfb1RMX%2BB%2Fs2uXo3PODo%3D,NEW,04/01/2026 16:27,SAST,-,-,-,-,-,-,-,-,-,-,-,-,-,-,-,-,-,-,-
Relative_Path_Traversal,java/Java_High_Risk/Relative_Path_Traversal,/src/main/webapp/vulnerability/idor/download.jsp,11,45,pD1cs9Z0ZBymY0Zzdy9YvK/3/5Q=,"""""file""""",/src/main/webapp/vulnerability/idor/download.jsp,13,20,Dq3y94JfvHhaXn7m0t9Eo8eDL9Y=,File,To Verify,HIGH,-,https://rel-candidate.perf.cxast.net/sast-results/3534332e-7e18-446a-8446-de7e2bbd8027/7a0c2bd5-b974-40a6-927a-88b54c562444?redirect=true&resultId=E%2Bg5w5t%2BaFi3Ulozr5QnYMMcoBM%3D,NEW,04/01/2026 16:27,SAST,-,-,-,-,-,-,-,-,-,-,-,-,-,-,-,-,-,-,-
Reflected_XSS,java/Java_High_Risk/Reflected_XSS,/src/main/webapp/login.jsp,7,39,gFlF+RW+nbbK5eLthdXS6s0nMWw=,getCookies,/src/main/webapp/login.jsp,22,64,79hAZh5Ncvmb2nF8PNyqsLGTZzU=,username,To Verify,HIGH,-,https://rel-candidate.perf.cxast.net/sast-results/3534332e-7e18-446a-8446-de7e2bbd8027/7a0c2bd5-b974-40a6-927a-88b54c562444?redirect=true&resultId=2CQHhY6u5uuPpL%2Ft%2BtCFiojLevc%3D,NEW,04/01/2026 16:27,SAST,-,-,-,-,-,-,-,-,-,-,-,-,-,-,-,-,-,-,-
Reflected_XSS,java/Java_High_Risk/Reflected_XSS,/src/main/webapp/vulnerability/UserDetails.jsp,8,41,xIWeeIwoTZPtxrnJnCJUwqnpAXc=,"""""username""""",/src/main/webapp/vulnerability/UserDetails.jsp,23,22,fAcyswKXzCmt8yMjYGYXPknlD7g=,print,To Verify,HIGH,-,https://rel-candidate.perf.cxast.net/sast-results/3534332e-7e18-446a-8446-de7e2bbd8027/7a0c2bd5-b974-40a6-927a-88b54c562444?redirect=true&resultId=y4sUrjtlVnO7eh83uLP6knSfpOI%3D,NEW,04/01/2026 16:27,SAST,-,-,-,-,-,-,-,-,-,-,-,-,-,-,-,-,-,-,-
Reflected_XSS,java/Java_High_Risk/Reflected_XSS,/src/main/webapp/login.jsp,7,39,gFlF+RW+nbbK5eLthdXS6s0nMWw=,getCookies,/src/main/webapp/login.jsp,23,60,xzYa2PNNSPVDgXhwdALWgYK51M0=,password,To Verify,HIGH,-,https://rel-candidate.perf.cxast.net/sast-results/3534332e-7e18-446a-8446-de7e2bbd8027/7a0c2bd5-b974-40a6-927a-88b54c562444?redirect=true&resultId=Vcf9uruiHEbxK1pjWWYHvckUs%2FQ%3D,NEW,04/01/2026 16:27,SAST,-,-,-,-,-,-,-,-,-,-,-,-,-,-,-,-,-,-,-
Reflected_XSS,java/Java_High_Risk/Reflected_XSS,/src/main/webapp/vulnerability/xss/search.jsp,16,47,0f/NkoXValDxXxJ4+Ag3qzDwZTw=,"""""keyword""""",/src/main/webapp/vulnerability/xss/search.jsp,21,14,6vgJZv8VxIq9lwGLRgbhagkbuSw=,searchedName,To Verify,HIGH,-,https://rel-candidate.perf.cxast.net/sast-results/3534332e-7e18-446a-8446-de7e2bbd8027/7a0c2bd5-b974-40a6-927a-88b54c562444?redirect=true&resultId=OC21NuuTAqdst9HjkCwMZ78yx5U%3D,NEW,04/01/2026 16:27,SAST,-,-,-,-,-,-,-,-,-,-,-,-,-,-,-,-,-,-,-
Reflected_XSS,java/Java_High_Risk/Reflected_XSS,/src/main/webapp/admin/adminlogin.jsp,58,101,7aHLaMQQLzyemPon0NlCwMNZS9Y=,"""""err""""",/src/main/webapp/admin/adminlogin.jsp,58,79,FT4oUfgW6R4V5BVk3SC7OUWgRvc=,print,To Verify,HIGH,-,https://rel-candidate.perf.cxast.net/sast-results/3534332e-7e18-446a-8446-de7e2bbd8027/7a0c2bd5-b974-40a6-927a-88b54c562444?redirect=true&resultId=gK6zprdmYIPxe5t3hRa7RvqsyOM%3D,NEW,04/01/2026 16:27,SAST,-,-,-,-,-,-,-,-,-,-,-,-,-,-,-,-,-,-,-
Reflected_XSS,java/Java_High_Risk/Reflected_XSS,/src/main/webapp/vulnerability/xss/xss4.jsp,2,41,CvoIJoXeEckoRKoZ+AiyaLSJEOE=,"""""keyword""""",/src/main/webapp/vulnerability/xss/xss4.jsp,15,30,ipU0B8q2AWR2aTJ1D1JaMuSUKnA=,keyword,To Verify,HIGH,-,https://rel-candidate.perf.cxast.net/sast-results/3534332e-7e18-446a-8446-de7e2bbd8027/7a0c2bd5-b974-40a6-927a-88b54c562444?redirect=true&resultId=4UTaFF5HNfTx%2BC3jWr9afZlc5O8%3D,NEW,04/01/2026 16:27,SAST,-,-,-,-,-,-,-,-,-,-,-,-,-,-,-,-,-,-,-
Reflected_XSS,java/Java_High_Risk/Reflected_XSS,/src/main/webapp/vulnerability/xss/xss4.jsp,2,41,CvoIJoXeEckoRKoZ+AiyaLSJEOE=,"""""keyword""""",/src/main/webapp/vulnerability/xss/xss4.jsp,6,90,9AM8TUWKEBRWO9vrtR+qWowN3Io=,print,To Verify,HIGH,-,https://rel-candidate.perf.cxast.net/sast-results/3534332e-7e18-446a-8446-de7e2bbd8027/7a0c2bd5-b974-40a6-927a-88b54c562444?redirect=true&resultId=h%2B3baggetStOx46TTuyIXcfgvGA%3D,NEW,04/01/2026 16:27,SAST,-,-,-,-,-,-,-,-,-,-,-,-,-,-,-,-,-,-,-
Reflected_XSS,java/Java_High_Risk/Reflected_XSS,/src/main/webapp/login.jsp,26,101,o4F5NU0ajfUJ5dgnToGOS6qpcrA=,"""""err""""",/src/main/webapp/login.jsp,26,79,55+8s8Fax9wVRuPls/pBf5srz8E=,print,To Verify,HIGH,-,https://rel-candidate.perf.cxast.net/sast-results/3534332e-7e18-446a-8446-de7e2bbd8027/7a0c2bd5-b974-40a6-927a-88b54c562444?redirect=true&resultId=zprAjectRlzCqtMMpc6MEcixYR8%3D,NEW,04/01/2026 16:27,SAST,-,-,-,-,-,-,-,-,-,-,-,-,-,-,-,-,-,-,-
Reflected_XSS,java/Java_High_Risk/Reflected_XSS,/src/main/webapp/vulnerability/SendMessage.jsp,18,149,48OJgjZ3eI/XG91E9/GYVB44CgA=,"""""recipient""""",/src/main/webapp/vulnerability/SendMessage.jsp,18,127,B3jzkvbucQIjnsI9Twceu8Xcfu0=,print,To Verify,HIGH,-,https://rel-candidate.perf.cxast.net/sast-results/3534332e-7e18-446a-8446-de7e2bbd8027/7a0c2bd5-b974-40a6-927a-88b54c562444?redirect=true&resultId=zdFCFaWK3pZF8gBD%2FC2NTW7VYwE%3D,NEW,04/01/2026 16:27,SAST,-,-,-,-,-,-,-,-,-,-,-,-,-,-,-,-,-,-,-
Reflected_XSS,java/Java_High_Risk/Reflected_XSS,/src/main/webapp/vulnerability/SendMessage.jsp,11,39,SK/f0kyqa3MkRsJl88e75YEZDLQ=,"""""status""""",/src/main/webapp/vulnerability/SendMessage.jsp,11,17,tHMpwRTEby1S+h4Mo8Zx2CUKqJM=,print,To Verify,HIGH,-,https://rel-candidate.perf.cxast.net/sast-results/3534332e-7e18-446a-8446-de7e2bbd8027/7a0c2bd5-b974-40a6-927a-88b54c562444?redirect=true&resultId=l78rbvPI%2BhQmUBPytqujssO6%2FmU%3D,NEW,04/01/2026 16:27,SAST,-,-,-,-,-,-,-,-,-,-,-,-,-,-,-,-,-,-,-
Reflected_XSS,java/Java_High_Risk/Reflected_XSS,/src/main/webapp/vulnerability/Injection/xpath_login.jsp,9,101,i3cY6QFdml1Y80kAXMKs1lJMAp4=,"""""err""""",/src/main/webapp/vulnerability/Injection/xpath_login.jsp,9,79,N4L4BA1AY8FbRmAoonLtR2M/p8Y=,print,To Verify,HIGH,-,https://rel-candidate.perf.cxast.net/sast-results/3534332e-7e18-446a-8446-de7e2bbd8027/7a0c2bd5-b974-40a6-927a-88b54c562444?redirect=true&resultId=gVkUyUXLIZCFto1wtiebfAz0AIY%3D,NEW,04/01/2026 16:27,SAST,-,-,-,-,-,-,-,-,-,-,-,-,-,-,-,-,-,-,-
Improper_Restriction_of_XXE_Ref,java/Java_High_Risk/Improper_Restriction_of_XXE_Ref,/src/main/java/org/cysecurity/cspf/jvl/controller/xxe.java,44,49,KZh/a1eckIbpMniYogNVJsGGzA4=,getInputStream,/src/main/java/org/cysecurity/cspf/jvl/controller/xxe.java,48,39,2Yanyz/OZ3/0cM8+K3aHNkjOJbY=,parse,To Verify,HIGH,-,https://rel-candidate.perf.cxast.net/sast-results/3534332e-7e18-446a-8446-de7e2bbd8027/7a0c2bd5-b974-40a6-927a-88b54c562444?redirect=true&resultId=PnAJ0b2W2L8Xb9HcXgEyQW%2Bv1Ks%3D,NEW,04/01/2026 16:27,SAST,-,-,-,-,-,-,-,-,-,-,-,-,-,-,-,-,-,-,-
Connection_String_Injection,java/Java_High_Risk/Connection_String_Injection,/src/main/java/org/cysecurity/cspf/jvl/controller/Install.java,54,38,AfFZUneBFd6UQhSh+XE+NiS1wSc=,"""""dburl""""",/src/main/java/org/cysecurity/cspf/jvl/controller/Install.java,121,67,8GxZv9I6NxpdUDNN861Ek+Ha5z8=,BinaryExpr,To Verify,HIGH,-,https://rel-candidate.perf.cxast.net/sast-results/3534332e-7e18-446a-8446-de7e2bbd8027/7a0c2bd5-b974-40a6-927a-88b54c562444?redirect=true&resultId=%2FjpkVWSX0p3G4w%2FVXhHidlH0VzM%3D,NEW,04/01/2026 16:27,SAST,-,-,-,-,-,-,-,-,-,-,-,-,-,-,-,-,-,-,-
Connection_String_Injection,java/Java_High_Risk/Connection_String_Injection,/src/main/java/org/cysecurity/cspf/jvl/controller/Install.java,58,39,gc4T1Vp3SUHgbcK6cR6Q8Y0SdyA=,"""""dbname""""",/src/main/java/org/cysecurity/cspf/jvl/controller/Install.java,121,67,8GxZv9I6NxpdUDNN861Ek+Ha5z8=,BinaryExpr,To Verify,HIGH,-,https://rel-candidate.perf.cxast.net/sast-results/3534332e-7e18-446a-8446-de7e2bbd8027/7a0c2bd5-b974-40a6-927a-88b54c562444?redirect=true&resultId=81xhaJipLQbaPXgdjikWYESBFUc%3D,NEW,04/01/2026 16:27,SAST,-,-,-,-,-,-,-,-,-,-,-,-,-,-,-,-,-,-,-
Connection_String_Injection,java/Java_High_Risk/Connection_String_Injection,/src/main/java/org/cysecurity/cspf/jvl/controller/Install.java,54,38,AfFZUneBFd6UQhSh+XE+NiS1wSc=,"""""dburl""""",/src/main/java/org/cysecurity/cspf/jvl/controller/Install.java,112,65,pDAwrDbYHHsaQho/qD/NxKTDNBg=,dburl,To Verify,HIGH,-,https://rel-candidate.perf.cxast.net/sast-results/3534332e-7e18-446a-8446-de7e2bbd8027/7a0c2bd5-b974-40a6-927a-88b54c562444?redirect=true&resultId=bY73WF53YptaI7aujB4H1OSdsek%3D,NEW,04/01/2026 16:27,SAST,-,-,-,-,-,-,-,-,-,-,-,-,-,-,-,-,-,-,-
Absolute_Path_Traversal,java/Java_High_Risk/Absolute_Path_Traversal,/src/main/webapp/vulnerability/idor/download.jsp,11,45,pD1cs9Z0ZBymY0Zzdy9YvK/3/5Q=,"""""file""""",/src/main/webapp/vulnerability/idor/download.jsp,18,32,QyD9n4gaGb3HeiJQLI4wtVqR/Qg=,File,To Verify,HIGH,-,https://rel-candidate.perf.cxast.net/sast-results/3534332e-7e18-446a-8446-de7e2bbd8027/7a0c2bd5-b974-40a6-927a-88b54c562444?redirect=true&resultId=Ste4ZSFx5WP62ruUHW1eumUhEYw%3D,NEW,04/01/2026 16:27,SAST,-,-,-,-,-,-,-,-,-,-,-,-,-,-,-,-,-,-,-
Use_Of_Hardcoded_Password,java/Java_Medium_Threat/Use_Of_Hardcoded_Password,/src/main/java/org/cysecurity/cspf/jvl/controller/rds.java,8,13,pGC9M2iFf9aqXoPxSXh6r8XEImk=,password,/src/main/java/org/cysecurity/cspf/jvl/controller/rds.java,8,13,pGC9M2iFf9aqXoPxSXh6r8XEImk=,password,To Verify,MEDIUM,-,https://rel-candidate.perf.cxast.net/sast-results/3534332e-7e18-446a-8446-de7e2bbd8027/7a0c2bd5-b974-40a6-927a-88b54c562444?redirect=true&resultId=MZREBt1P9zSQEDWJq4GeuMA6vlc%3D,NEW,04/01/2026 16:27,SAST,-,-,-,-,-,-,-,-,-,-,-,-,-,-,-,-,-,-,-
Use_Of_Hardcoded_Password,java/Java_Medium_Threat/Use_Of_Hardcoded_Password,/src/main/java/org/cysecurity/cspf/jvl/controller/AddPageVru.java,24,15,bbVRCbVWDFQViJHAuCHNlPchVD0=,password,/src/main/java/org/cysecurity/cspf/jvl/controller/AddPageVru.java,24,15,bbVRCbVWDFQViJHAuCHNlPchVD0=,password,To Verify,MEDIUM,-,https://rel-candidate.perf.cxast.net/sast-results/3534332e-7e18-446a-8446-de7e2bbd8027/7a0c2bd5-b974-40a6-927a-88b54c562444?redirect=true&resultId=gvojoKF%2BNCHVlYryl74pTgmSB4Y%3D,NEW,04/01/2026 16:27,SAST,-,-,-,-,-,-,-,-,-,-,-,-,-,-,-,-,-,-,-
Use_Of_Hardcoded_Password,java/Java_Medium_Threat/Use_Of_Hardcoded_Password,/src/main/java/org/cysecurity/cspf/jvl/controller/NewFileVru.java,2,17,j+/dnO9bu4EKa/3lpbDPXs6OjVk=,password,/src/main/java/org/cysecurity/cspf/jvl/controller/NewFileVru.java,2,17,j+/dnO9bu4EKa/3lpbDPXs6OjVk=,password,To Verify,MEDIUM,-,https://rel-candidate.perf.cxast.net/sast-results/3534332e-7e18-446a-8446-de7e2bbd8027/7a0c2bd5-b974-40a6-927a-88b54c562444?redirect=true&resultId=3%2FMJ5K5gQGZ8n2LmOz2eG7UfU3c%3D,NEW,04/01/2026 16:27,SAST,-,-,-,-,-,-,-,-,-,-,-,-,-,-,-,-,-,-,-
Use_Of_Hardcoded_Password,java/Java_Medium_Threat/Use_Of_Hardcoded_Password,/src/main/java/org/cysecurity/cspf/jvl/controller/AddPageVru.java,25,19,wnGqRgwU6E79REF7vffKWmwdhyU=,password2,/src/main/java/org/cysecurity/cspf/jvl/controller/AddPageVru.java,25,19,wnGqRgwU6E79REF7vffKWmwdhyU=,password2,To Verify,MEDIUM,-,https://rel-candidate.perf.cxast.net/sast-results/3534332e-7e18-446a-8446-de7e2bbd8027/7a0c2bd5-b974-40a6-927a-88b54c562444?redirect=true&resultId=iMmVwYfoVKDgd3wtsqQBA5Y4G5o%3D,NEW,04/01/2026 16:27,SAST,-,-,-,-,-,-,-,-,-,-,-,-,-,-,-,-,-,-,-
XPath_Injection,java/Java_Medium_Threat/XPath_Injection,/src/main/java/org/cysecurity/cspf/jvl/controller/XPathQuery.java,36,46,/3MzJh/Mp35oa/S+Y9dRDjRom1M=,"""""password""""",/src/main/java/org/cysecurity/cspf/jvl/controller/XPathQuery.java,53,38,YgNUibxnKMHhhv6eoA7fd1AI3eg=,compile,To Verify,MEDIUM,-,https://rel-candidate.perf.cxast.net/sast-results/3534332e-7e18-446a-8446-de7e2bbd8027/7a0c2bd5-b974-40a6-927a-88b54c562444?redirect=true&resultId=Qas3fhks1JaBRwA5XvX74Ru2eDo%3D,NEW,04/01/2026 16:27,SAST,-,-,-,-,-,-,-,-,-,-,-,-,-,-,-,-,-,-,-
Use_of_Broken_or_Risky_Cryptographic_Algorithm,java/Java_Medium_Threat/Use_of_Broken_or_Risky_Cryptographic_Algorithm,/src/main/java/org/cysecurity/cspf/jvl/model/HashMe.java,16,57,uReVPaDAGw1w2ON+rEPQjQ5x+rE=,getInstance,/src/main/java/org/cysecurity/cspf/jvl/model/HashMe.java,16,57,uReVPaDAGw1w2ON+rEPQjQ5x+rE=,getInstance,To Verify,MEDIUM,-,https://rel-candidate.perf.cxast.net/sast-results/3534332e-7e18-446a-8446-de7e2bbd8027/7a0c2bd5-b974-40a6-927a-88b54c562444?redirect=true&resultId=msAGPbQYpVqSIG3ds9i5M3TmjWM%3D,NEW,04/01/2026 16:27,SAST,-,-,-,-,-,-,-,-,-,-,-,-,-,-,-,-,-,-,-
XPath_Injection,java/Java_Medium_Threat/XPath_Injection,/src/main/java/org/cysecurity/cspf/jvl/controller/XPathQuery.java,35,46,xygnld/IbeB6ByG1lWs4howcqJg=,"""""username""""",/src/main/java/org/cysecurity/cspf/jvl/controller/XPathQuery.java,53,38,YgNUibxnKMHhhv6eoA7fd1AI3eg=,compile,To Verify,MEDIUM,-,https://rel-candidate.perf.cxast.net/sast-results/3534332e-7e18-446a-8446-de7e2bbd8027/7a0c2bd5-b974-40a6-927a-88b54c562444?redirect=true&resultId=6DKQx6g8bgc37L0RUm%2FDy8YkfX8%3D,NEW,04/01/2026 16:27,SAST,-,-,-,-,-,-,-,-,-,-,-,-,-,-,-,-,-,-,-
Unchecked_Input_for_Loop_Condition,java/Java_Medium_Threat/Unchecked_Input_for_Loop_Condition,/src/main/java/org/cysecurity/cspf/jvl/controller/xxe.java,44,49,KZh/a1eckIbpMniYogNVJsGGzA4=,getInputStream,/src/main/java/org/cysecurity/cspf/jvl/controller/xxe.java,53,31,LLQ8a49UpksAMN3ZIw64+FqUhGY=,nodes,To Verify,MEDIUM,-,https://rel-candidate.perf.cxast.net/sast-results/3534332e-7e18-446a-8446-de7e2bbd8027/7a0c2bd5-b974-40a6-927a-88b54c562444?redirect=true&resultId=cTVwyUhPjtX3AROQRO%2BMlkmXsW4%3D,NEW,04/01/2026 16:27,SAST,-,-,-,-,-,-,-,-,-,-,-,-,-,-,-,-,-,-,-
Parameter_Tampering,java/Java_Medium_Threat/Parameter_Tampering,/src/main/java/org/cysecurity/cspf/jvl/controller/EmailCheck.java,45,50,qUd4pY0UafGTU1PJ85oeP6UpCHw=,"""""email""""",/src/main/java/org/cysecurity/cspf/jvl/controller/EmailCheck.java,55,41,K+o5ohT57QZpxstzrWwYhj+QM50=,executeQuery,To Verify,MEDIUM,-,https://rel-candidate.perf.cxast.net/sast-results/3534332e-7e18-446a-8446-de7e2bbd8027/7a0c2bd5-b974-40a6-927a-88b54c562444?redirect=true&resultId=iDfDzvv3qNbEpdZEI3XbtCixhcQ%3D,NEW,04/01/2026 16:27,SAST,-,-,-,-,-,-,-,-,-,-,-,-,-,-,-,-,-,-,-
Parameter_Tampering,java/Java_Medium_Threat/Parameter_Tampering,/src/main/java/org/cysecurity/cspf/jvl/controller/UsernameCheck.java,43,49,6OEZsfiY6AZgsJpI8tKOdJ9FRtE=,"""""username""""",/src/main/java/org/cysecurity/cspf/jvl/controller/UsernameCheck.java,52,41,fa7pF35UjZGz3n3EvZa99GUjYzg=,executeQuery,To Verify,MEDIUM,-,https://rel-candidate.perf.cxast.net/sast-results/3534332e-7e18-446a-8446-de7e2bbd8027/7a0c2bd5-b974-40a6-927a-88b54c562444?redirect=true&resultId=NkGlO24ez0vK1aY1pyxNlqoY5LU%3D,NEW,04/01/2026 16:27,SAST,-,-,-,-,-,-,-,-,-,-,-,-,-,-,-,-,-,-,-
CSRF,java/Java_Medium_Threat/CSRF,/src/main/java/org/cysecurity/cspf/jvl/controller/LoginValidator.java,44,44,9p0jA/+v6g+XC+h7ntCarUPVvb4=,"""""password""""",/src/main/webapp/vulnerability/csrf/changepassword.jsp,40,33,AxBI/LFWyE82dcBQATE7CA4oOHQ=,executeUpdate,To Verify,MEDIUM,-,https://rel-candidate.perf.cxast.net/sast-results/3534332e-7e18-446a-8446-de7e2bbd8027/7a0c2bd5-b974-40a6-927a-88b54c562444?redirect=true&resultId=l%2FYZJ3MxYtpJH2HffhELKdfc7RM%3D,NEW,04/01/2026 16:27,SAST,-,-,-,-,-,-,-,-,-,-,-,-,-,-,-,-,-,-,-
CSRF,java/Java_Medium_Threat/CSRF,/src/main/java/org/cysecurity/cspf/jvl/controller/LoginValidator.java,43,41,7Uk69FgW8izWIC+dW0OCfhekdRE=,"""""username""""",/src/main/webapp/vulnerability/csrf/change-info.jsp,31,31,0hxmfURcs3XuYYNSBKQ6tPFMuec=,executeUpdate,To Verify,MEDIUM,-,https://rel-candidate.perf.cxast.net/sast-results/3534332e-7e18-446a-8446-de7e2bbd8027/7a0c2bd5-b974-40a6-927a-88b54c562444?redirect=true&resultId=VxiejaHr5N8Vxcl8zV0ZsigL0tA%3D,NEW,04/01/2026 16:27,SAST,-,-,-,-,-,-,-,-,-,-,-,-,-,-,-,-,-,-,-
CSRF,java/Java_Medium_Threat/CSRF,/src/main/java/org/cysecurity/cspf/jvl/controller/LoginValidator.java,43,41,7Uk69FgW8izWIC+dW0OCfhekdRE=,"""""username""""",/src/main/webapp/vulnerability/csrf/changepassword.jsp,40,33,AxBI/LFWyE82dcBQATE7CA4oOHQ=,executeUpdate,To Verify,MEDIUM,-,https://rel-candidate.perf.cxast.net/sast-results/3534332e-7e18-446a-8446-de7e2bbd8027/7a0c2bd5-b974-40a6-927a-88b54c562444?redirect=true&resultId=k1xnyVPA%2BCY2KKqUNvLpDZ90hmI%3D,NEW,04/01/2026 16:27,SAST,-,-,-,-,-,-,-,-,-,-,-,-,-,-,-,-,-,-,-
CSRF,java/Java_Medium_Threat/CSRF,/src/main/java/org/cysecurity/cspf/jvl/controller/LoginValidator.java,44,44,9p0jA/+v6g+XC+h7ntCarUPVvb4=,"""""password""""",/src/main/webapp/changeCardDetails.jsp,43,28,C199BTZO2BS2glLDwbL4efSlfxY=,executeUpdate,To Verify,MEDIUM,-,https://rel-candidate.perf.cxast.net/sast-results/3534332e-7e18-446a-8446-de7e2bbd8027/7a0c2bd5-b974-40a6-927a-88b54c562444?redirect=true&resultId=nCZDEFKyE7U5za78bK57vcIW1f8%3D,NEW,04/01/2026 16:27,SAST,-,-,-,-,-,-,-,-,-,-,-,-,-,-,-,-,-,-,-
CSRF,java/Java_Medium_Threat/CSRF,/src/main/java/org/cysecurity/cspf/jvl/controller/LoginValidator.java,44,44,9p0jA/+v6g+XC+h7ntCarUPVvb4=,"""""password""""",/src/main/webapp/vulnerability/csrf/change-info.jsp,31,31,0hxmfURcs3XuYYNSBKQ6tPFMuec=,executeUpdate,To Verify,MEDIUM,-,https://rel-candidate.perf.cxast.net/sast-results/3534332e-7e18-446a-8446-de7e2bbd8027/7a0c2bd5-b974-40a6-927a-88b54c562444?redirect=true&resultId=X43AhOfUbBO9g8pPwIDr2p0UX1o%3D,NEW,04/01/2026 16:27,SAST,-,-,-,-,-,-,-,-,-,-,-,-,-,-,-,-,-,-,-
Privacy_Violation,java/Java_Medium_Threat/Privacy_Violation,/src/main/java/org/cysecurity/cspf/jvl/controller/XPathQuery.java,50,79,pSOenfIhSWylF+ZNunDSQOhjRfI=,pass,/src/main/webapp/vulnerability/forum.jsp,32,111,o9/kAvFBhj2KmFErhzAFiUBEQYg=,print,To Verify,MEDIUM,-,https://rel-candidate.perf.cxast.net/sast-results/3534332e-7e18-446a-8446-de7e2bbd8027/7a0c2bd5-b974-40a6-927a-88b54c562444?redirect=true&resultId=CfAO%2BVmuqmeNDCUm47pM7bK3YpA%3D,NEW,04/01/2026 16:27,SAST,-,-,-,-,-,-,-,-,-,-,-,-,-,-,-,-,-,-,-
Privacy_Violation,java/Java_Medium_Threat/Privacy_Violation,/src/main/java/org/cysecurity/cspf/jvl/controller/XPathQuery.java,50,79,pSOenfIhSWylF+ZNunDSQOhjRfI=,pass,/src/main/webapp/vulnerability/forum.jsp,24,29,XM0QL01lzKi9ntiLsO9q078UWRQ=,print,To Verify,MEDIUM,-,https://rel-candidate.perf.cxast.net/sast-results/3534332e-7e18-446a-8446-de7e2bbd8027/7a0c2bd5-b974-40a6-927a-88b54c562444?redirect=true&resultId=ohmFeI8S%2FjAhhVg4CT80LQzUGPk%3D,NEW,04/01/2026 16:27,SAST,-,-,-,-,-,-,-,-,-,-,-,-,-,-,-,-,-,-,-
Plaintext_Storage_of_a_Password,java/Java_Medium_Threat/Plaintext_Storage_of_a_Password,/src/main/java/org/cysecurity/cspf/jvl/model/DBConnect.java,26,9,sQLbIogWmtsBoZxjTSW+iHBQI30=,properties,/src/main/java/org/cysecurity/cspf/jvl/model/DBConnect.java,35,71,jMy51ZfxfSohnI1CnFVNJ6zr4sQ=,dbpass,To Verify,MEDIUM,-,https://rel-candidate.perf.cxast.net/sast-results/3534332e-7e18-446a-8446-de7e2bbd8027/7a0c2bd5-b974-40a6-927a-88b54c562444?redirect=true&resultId=7ljJGY4WDlCroocpDXyCXLRe%2FRU%3D,NEW,04/01/2026 16:27,SAST,-,-,-,-,-,-,-,-,-,-,-,-,-,-,-,-,-,-,-
Privacy_Violation,java/Java_Medium_Threat/Privacy_Violation,/src/main/webapp/login.jsp,15,13,iC6IHcjcF1Lyw/mGlQMvR3UnsKE=,password,/src/main/webapp/login.jsp,23,60,xzYa2PNNSPVDgXhwdALWgYK51M0=,password,To Verify,MEDIUM,-,https://rel-candidate.perf.cxast.net/sast-results/3534332e-7e18-446a-8446-de7e2bbd8027/7a0c2bd5-b974-40a6-927a-88b54c562444?redirect=true&resultId=3plMG292Kix920SaGsrknMDcz9c%3D,NEW,04/01/2026 16:27,SAST,-,-,-,-,-,-,-,-,-,-,-,-,-,-,-,-,-,-,-
Privacy_Violation,java/Java_Medium_Threat/Privacy_Violation,/src/main/java/org/cysecurity/cspf/jvl/controller/XPathQuery.java,50,79,pSOenfIhSWylF+ZNunDSQOhjRfI=,pass,/src/main/java/org/cysecurity/cspf/jvl/controller/XPathQuery.java,54,24,Trjf9qKWWHAX+oPAXrYZFvrqvvs=,println,To Verify,MEDIUM,-,https://rel-candidate.perf.cxast.net/sast-results/3534332e-7e18-446a-8446-de7e2bbd8027/7a0c2bd5-b974-40a6-927a-88b54c562444?redirect=true&resultId=i5nUPaTpHZifKuHkyQKzomzapTY%3D,NEW,04/01/2026 16:27,SAST,-,-,-,-,-,-,-,-,-,-,-,-,-,-,-,-,-,-,-
Privacy_Violation,java/Java_Medium_Threat/Privacy_Violation,/src/main/java/org/cysecurity/cspf/jvl/controller/XPathQuery.java,50,79,pSOenfIhSWylF+ZNunDSQOhjRfI=,pass,/src/main/webapp/vulnerability/SendMessage.jsp,21,73,hLi6CA+gxHbV/d8LfBtULTLHc2Y=,getAttribute,To Verify,MEDIUM,-,https://rel-candidate.perf.cxast.net/sast-results/3534332e-7e18-446a-8446-de7e2bbd8027/7a0c2bd5-b974-40a6-927a-88b54c562444?redirect=true&resultId=bmvayhggH%2FwkWu%2F75J9p4myTECg%3D,NEW,04/01/2026 16:27,SAST,-,-,-,-,-,-,-,-,-,-,-,-,-,-,-,-,-,-,-
Privacy_Violation,java/Java_Medium_Threat/Privacy_Violation,/src/main/java/org/cysecurity/cspf/jvl/controller/XPathQuery.java,50,79,pSOenfIhSWylF+ZNunDSQOhjRfI=,pass,/src/main/webapp/index.jsp,5,14,VSuh0civBwmabuDu+AVgzC93MKg=,print,To Verify,MEDIUM,-,https://rel-candidate.perf.cxast.net/sast-results/3534332e-7e18-446a-8446-de7e2bbd8027/7a0c2bd5-b974-40a6-927a-88b54c562444?redirect=true&resultId=zfRf2cs7d6mlwP46tU6G9Wp4KYA%3D,NEW,04/01/2026 16:27,SAST,-,-,-,-,-,-,-,-,-,-,-,-,-,-,-,-,-,-,-
Parameter_Tampering,java/Java_Medium_Threat/Parameter_Tampering,/src/main/webapp/vulnerability/Injection/orm.jsp,50,62,83zUNCsGrQZ6Kfk8bRGgsrtCwrc=,"""""id""""",/src/main/webapp/vulnerability/Injection/orm.jsp,12,38,6eulPzfnhvdCNHJfwbgY62nzdAU=,list,To Verify,MEDIUM,-,https://rel-candidate.perf.cxast.net/sast-results/3534332e-7e18-446a-8446-de7e2bbd8027/7a0c2bd5-b974-40a6-927a-88b54c562444?redirect=true&resultId=SLXZD7UKSJqhq5O%2FMG14zoMhXVE%3D,NEW,04/01/2026 16:27,SAST,-,-,-,-,-,-,-,-,-,-,-,-,-,-,-,-,-,-,-
Parameter_Tampering,java/Java_Medium_Threat/Parameter_Tampering,/src/main/webapp/vulnerability/idor/change-email.jsp,28,35,LhnTtK1XvDzwyjQ6FnRY8TwUAeU=,"""""id""""",/src/main/webapp/vulnerability/idor/change-email.jsp,32,31,Mx+qCADXCQ5R84Dq53cM2kuyQ78=,executeUpdate,To Verify,MEDIUM,-,https://rel-candidate.perf.cxast.net/sast-results/3534332e-7e18-446a-8446-de7e2bbd8027/7a0c2bd5-b974-40a6-927a-88b54c562444?redirect=true&resultId=qxrht14ccjyjyrmeeIOTC%2B89p0I%3D,NEW,04/01/2026 16:27,SAST,-,-,-,-,-,-,-,-,-,-,-,-,-,-,-,-,-,-,-
Parameter_Tampering,java/Java_Medium_Threat/Parameter_Tampering,/src/main/webapp/admin/manageusers.jsp,13,39,mXrpBbgmIW5QNwNRa3ZwyS7+GSQ=,"""""user""""",/src/main/webapp/admin/manageusers.jsp,14,24,Q8a5WXtPfxDoovUQuO3BQDqzowQ=,executeUpdate,To Verify,MEDIUM,-,https://rel-candidate.perf.cxast.net/sast-results/3534332e-7e18-446a-8446-de7e2bbd8027/7a0c2bd5-b974-40a6-927a-88b54c562444?redirect=true&resultId=q3zAbh5tlWzyfZLPlbfEF0DdKuA%3D,NEW,04/01/2026 16:27,SAST,-,-,-,-,-,-,-,-,-,-,-,-,-,-,-,-,-,-,-
Parameter_Tampering,java/Java_Medium_Threat/Parameter_Tampering,/src/main/webapp/vulnerability/forumposts.jsp,9,39,Jd7Wfdu/B5gb8QA4JnUWw7AunFM=,"""""postid""""",/src/main/webapp/vulnerability/forumposts.jsp,14,34,VJQm/N0lHooCqWXUMZf+1ZBVnkQ=,executeQuery,To Verify,MEDIUM,-,https://rel-candidate.perf.cxast.net/sast-results/3534332e-7e18-446a-8446-de7e2bbd8027/7a0c2bd5-b974-40a6-927a-88b54c562444?redirect=true&resultId=3%2FeQSEPW0tVOFXt3NCE3hDI0Ge4%3D,NEW,04/01/2026 16:27,SAST,-,-,-,-,-,-,-,-,-,-,-,-,-,-,-,-,-,-,-
Parameter_Tampering,java/Java_Medium_Threat/Parameter_Tampering,/src/main/webapp/vulnerability/DisplayMessage.jsp,16,98,mmW83SwPkoxKmqO73OaDAJ1Dz+w=,"""""msgid""""",/src/main/webapp/vulnerability/DisplayMessage.jsp,16,34,AqNcu3vH5ztuwITndAXCxiKYGIA=,executeQuery,To Verify,MEDIUM,-,https://rel-candidate.perf.cxast.net/sast-results/3534332e-7e18-446a-8446-de7e2bbd8027/7a0c2bd5-b974-40a6-927a-88b54c562444?redirect=true&resultId=AiokqXyOF84OXNBNqK%2Bf%2BFRbAHc%3D,NEW,04/01/2026 16:27,SAST,-,-,-,-,-,-,-,-,-,-,-,-,-,-,-,-,-,-,-
Open_Redirect,java/Java_Medium_Threat/Open_Redirect,/src/main/java/org/cysecurity/cspf/jvl/controller/LoginValidator.java,43,41,7Uk69FgW8izWIC+dW0OCfhekdRE=,"""""username""""",/src/main/java/org/cysecurity/cspf/jvl/controller/LoginValidator.java,79,49,HofsqOFlaN/9owQCSa23GJ/qA9I=,sendRedirect,To Verify,MEDIUM,-,https://rel-candidate.perf.cxast.net/sast-results/3534332e-7e18-446a-8446-de7e2bbd8027/7a0c2bd5-b974-40a6-927a-88b54c562444?redirect=true&resultId=YGEL3FySCE2DByleu4Wh%2BLZ%2FKnA%3D,NEW,04/01/2026 16:27,SAST,-,-,-,-,-,-,-,-,-,-,-,-,-,-,-,-,-,-,-
Open_Redirect,java/Java_Medium_Threat/Open_Redirect,/src/main/java/org/cysecurity/cspf/jvl/controller/LoginValidator.java,44,44,9p0jA/+v6g+XC+h7ntCarUPVvb4=,"""""password""""",/src/main/java/org/cysecurity/cspf/jvl/controller/LoginValidator.java,79,49,HofsqOFlaN/9owQCSa23GJ/qA9I=,sendRedirect,To Verify,MEDIUM,-,https://rel-candidate.perf.cxast.net/sast-results/3534332e-7e18-446a-8446-de7e2bbd8027/7a0c2bd5-b974-40a6-927a-88b54c562444?redirect=true&resultId=g9lEC24wWKzpSg7c8K7Tz9OUYB8%3D,NEW,04/01/2026 16:27,SAST,-,-,-,-,-,-,-,-,-,-,-,-,-,-,-,-,-,-,-
Open_Redirect,java/Java_Medium_Threat/Open_Redirect,/src/main/java/org/cysecurity/cspf/jvl/controller/LoginValidator.java,43,41,7Uk69FgW8izWIC+dW0OCfhekdRE=,"""""username""""",/src/main/java/org/cysecurity/cspf/jvl/controller/LoginValidator.java,68,57,AvFk7AeUvzo4+yYwXwp0WSRTMgU=,sendRedirect,To Verify,MEDIUM,-,https://rel-candidate.perf.cxast.net/sast-results/3534332e-7e18-446a-8446-de7e2bbd8027/7a0c2bd5-b974-40a6-927a-88b54c562444?redirect=true&resultId=756C9y3aBXaDrbTgtj3tlACfouU%3D,NEW,04/01/2026 16:27,SAST,-,-,-,-,-,-,-,-,-,-,-,-,-,-,-,-,-,-,-
Open_Redirect,java/Java_Medium_Threat/Open_Redirect,/src/main/java/org/cysecurity/cspf/jvl/controller/LoginValidator.java,44,44,9p0jA/+v6g+XC+h7ntCarUPVvb4=,"""""password""""",/src/main/java/org/cysecurity/cspf/jvl/controller/LoginValidator.java,68,57,AvFk7AeUvzo4+yYwXwp0WSRTMgU=,sendRedirect,To Verify,MEDIUM,-,https://rel-candidate.perf.cxast.net/sast-results/3534332e-7e18-446a-8446-de7e2bbd8027/7a0c2bd5-b974-40a6-927a-88b54c562444?redirect=true&resultId=Q2tAqLd7edoH5gecaoPkowhQmD8%3D,NEW,04/01/2026 16:27,SAST,-,-,-,-,-,-,-,-,-,-,-,-,-,-,-,-,-,-,-
Open_Redirect,java/Java_Medium_Threat/Open_Redirect,/src/main/java/org/cysecurity/cspf/jvl/controller/Open.java,36,44,7KYTjypGEC6K02w5pZKGc34UXSc=,"""""url""""",/src/main/java/org/cysecurity/cspf/jvl/controller/Open.java,39,36,+TS3hu0Yw/FmO5P1pmdOgQr3L/s=,sendRedirect,To Verify,MEDIUM,-,https://rel-candidate.perf.cxast.net/sast-results/3534332e-7e18-446a-8446-de7e2bbd8027/7a0c2bd5-b974-40a6-927a-88b54c562444?redirect=true&resultId=e8%2BIm65v8sG3E%2BPTjSobwTFaF0w%3D,NEW,04/01/2026 16:27,SAST,-,-,-,-,-,-,-,-,-,-,-,-,-,-,-,-,-,-,-
Missing_HSTS_Header,java/Java_Medium_Threat/Missing_HSTS_Header,/src/main/webapp/admin/AddPage.jsp,1,24,9S7xy1EbPtHH4Fi+hBYz9uYOEk0=,jsp_AddPage,/src/main/webapp/admin/AddPage.jsp,1,24,9S7xy1EbPtHH4Fi+hBYz9uYOEk0=,jsp_AddPage,To Verify,MEDIUM,-,https://rel-candidate.perf.cxast.net/sast-results/3534332e-7e18-446a-8446-de7e2bbd8027/7a0c2bd5-b974-40a6-927a-88b54c562444?redirect=true&resultId=8B%2B%2B5nFSzFA4XyZTx2he9S1d5h4%3D,NEW,04/01/2026 16:27,SAST,-,-,-,-,-,-,-,-,-,-,-,-,-,-,-,-,-,-,-
CSRF,java/Java_Medium_Threat/CSRF,/src/main/java/org/cysecurity/cspf/jvl/controller/Install.java,61,55,0eOqSFxePdw6rqwgGVndt4EKakM=,"""""adminpass""""",/src/main/java/org/cysecurity/cspf/jvl/controller/Install.java,127,53,ffhWABmP97Vxlt7Fqq1EZsu9HYg=,executeUpdate,To Verify,MEDIUM,-,https://rel-candidate.perf.cxast.net/sast-results/3534332e-7e18-446a-8446-de7e2bbd8027/7a0c2bd5-b974-40a6-927a-88b54c562444?redirect=true&resultId=0ENq2cXzTRIGF8aMqiFbg08BvfA%3D,NEW,04/01/2026 16:27,SAST,-,-,-,-,-,-,-,-,-,-,-,-,-,-,-,-,-,-,-
CSRF,java/Java_Medium_Threat/CSRF,/src/main/webapp/admin/adminlogin.jsp,11,39,/HHDwoexFTApNDONEjZ8zoT8xgo=,"""""username""""",/src/main/webapp/vulnerability/csrf/change-info.jsp,31,31,0hxmfURcs3XuYYNSBKQ6tPFMuec=,executeUpdate,To Verify,MEDIUM,-,https://rel-candidate.perf.cxast.net/sast-results/3534332e-7e18-446a-8446-de7e2bbd8027/7a0c2bd5-b974-40a6-927a-88b54c562444?redirect=true&resultId=qAJZK8DCEgYPpzmsxog08Ni2nQg%3D,NEW,04/01/2026 16:27,SAST,-,-,-,-,-,-,-,-,-,-,-,-,-,-,-,-,-,-,-
CSRF,java/Java_Medium_Threat/CSRF,/src/main/java/org/cysecurity/cspf/jvl/controller/Install.java,58,39,gc4T1Vp3SUHgbcK6cR6Q8Y0SdyA=,"""""dbname""""",/src/main/java/org/cysecurity/cspf/jvl/controller/Install.java,160,51,vVoCnsRoagEahfAkxvoVxpfNmjg=,executeUpdate,To Verify,MEDIUM,-,https://rel-candidate.perf.cxast.net/sast-results/3534332e-7e18-446a-8446-de7e2bbd8027/7a0c2bd5-b974-40a6-927a-88b54c562444?redirect=true&resultId=wKAu2yOj1EzBjx5Yzg8uk%2F5ztTU%3D,NEW,04/01/2026 16:27,SAST,-,-,-,-,-,-,-,-,-,-,-,-,-,-,-,-,-,-,-
CSRF,java/Java_Medium_Threat/CSRF,/src/main/java/org/cysecurity/cspf/jvl/controller/Install.java,58,39,gc4T1Vp3SUHgbcK6cR6Q8Y0SdyA=,"""""dbname""""",/src/main/java/org/cysecurity/cspf/jvl/controller/Install.java,159,51,gFyIBN+GnlAZpT5UeHm7/UO3hYw=,executeUpdate,To Verify,MEDIUM,-,https://rel-candidate.perf.cxast.net/sast-results/3534332e-7e18-446a-8446-de7e2bbd8027/7a0c2bd5-b974-40a6-927a-88b54c562444?redirect=true&resultId=R%2FXU4cljzpXBJOJnuvpqOXHVXj0%3D,NEW,04/01/2026 16:27,SAST,-,-,-,-,-,-,-,-,-,-,-,-,-,-,-,-,-,-,-
CSRF,java/Java_Medium_Threat/CSRF,/src/main/webapp/admin/adminlogin.jsp,11,39,/HHDwoexFTApNDONEjZ8zoT8xgo=,"""""username""""",/src/main/webapp/vulnerability/csrf/changepassword.jsp,40,33,AxBI/LFWyE82dcBQATE7CA4oOHQ=,executeUpdate,To Verify,MEDIUM,-,https://rel-candidate.perf.cxast.net/sast-results/3534332e-7e18-446a-8446-de7e2bbd8027/7a0c2bd5-b974-40a6-927a-88b54c562444?redirect=true&resultId=zr8%2FiuNbpx0xqYOIhwPrBocqckc%3D,NEW,04/01/2026 16:27,SAST,-,-,-,-,-,-,-,-,-,-,-,-,-,-,-,-,-,-,-
CSRF,java/Java_Medium_Threat/CSRF,/src/main/java/org/cysecurity/cspf/jvl/controller/Install.java,58,39,gc4T1Vp3SUHgbcK6cR6Q8Y0SdyA=,"""""dbname""""",/src/main/java/org/cysecurity/cspf/jvl/controller/Install.java,165,52,pMUhLFcAFCOI3XoQDfYFsZ7fUGY=,executeUpdate,To Verify,MEDIUM,-,https://rel-candidate.perf.cxast.net/sast-results/3534332e-7e18-446a-8446-de7e2bbd8027/7a0c2bd5-b974-40a6-927a-88b54c562444?redirect=true&resultId=eNZ4l6cM%2BjN9TXPNy6VPpVbcbu0%3D,NEW,04/01/2026 16:27,SAST,-,-,-,-,-,-,-,-,-,-,-,-,-,-,-,-,-,-,-
CSRF,java/Java_Medium_Threat/CSRF,/src/main/java/org/cysecurity/cspf/jvl/controller/Install.java,58,39,gc4T1Vp3SUHgbcK6cR6Q8Y0SdyA=,"""""dbname""""",/src/main/java/org/cysecurity/cspf/jvl/controller/Install.java,164,51,QhcOqKOiVT0L9Jzb4OapbTrHWvk=,executeUpdate,To Verify,MEDIUM,-,https://rel-candidate.perf.cxast.net/sast-results/3534332e-7e18-446a-8446-de7e2bbd8027/7a0c2bd5-b974-40a6-927a-88b54c562444?redirect=true&resultId=Jd1yoHqqKy9zqo5SOKcJLR7dTs0%3D,NEW,04/01/2026 16:27,SAST,-,-,-,-,-,-,-,-,-,-,-,-,-,-,-,-,-,-,-
CSRF,java/Java_Medium_Threat/CSRF,/src/main/java/org/cysecurity/cspf/jvl/controller/Install.java,58,39,gc4T1Vp3SUHgbcK6cR6Q8Y0SdyA=,"""""dbname""""",/src/main/java/org/cysecurity/cspf/jvl/controller/Install.java,148,51,61/DanZXFtLqpldFahaRWWdtAl8=,executeUpdate,To Verify,MEDIUM,-,https://rel-candidate.perf.cxast.net/sast-results/3534332e-7e18-446a-8446-de7e2bbd8027/7a0c2bd5-b974-40a6-927a-88b54c562444?redirect=true&resultId=%2BLi5XHv0Y0%2BBMW40AHTv8v6BVxk%3D,NEW,04/01/2026 16:27,SAST,-,-,-,-,-,-,-,-,-,-,-,-,-,-,-,-,-,-,-
CSRF,java/Java_Medium_Threat/CSRF,/src/main/java/org/cysecurity/cspf/jvl/controller/Install.java,58,39,gc4T1Vp3SUHgbcK6cR6Q8Y0SdyA=,"""""dbname""""",/src/main/java/org/cysecurity/cspf/jvl/controller/Install.java,144,51,X+N1S79ft85S9/Vpwm56vYcSiTU=,executeUpdate,To Verify,MEDIUM,-,https://rel-candidate.perf.cxast.net/sast-results/3534332e-7e18-446a-8446-de7e2bbd8027/7a0c2bd5-b974-40a6-927a-88b54c562444?redirect=true&resultId=4yqzTCreynzchaIxUYxw9QwjmIU%3D,NEW,04/01/2026 16:27,SAST,-,-,-,-,-,-,-,-,-,-,-,-,-,-,-,-,-,-,-
CSRF,java/Java_Medium_Threat/CSRF,/src/main/java/org/cysecurity/cspf/jvl/controller/Install.java,58,39,gc4T1Vp3SUHgbcK6cR6Q8Y0SdyA=,"""""dbname""""",/src/main/java/org/cysecurity/cspf/jvl/controller/Install.java,143,50,Y2/ukgAmKL+VW8yDKC+BSjAPRQk=,executeUpdate,To Verify,MEDIUM,-,https://rel-candidate.perf.cxast.net/sast-results/3534332e-7e18-446a-8446-de7e2bbd8027/7a0c2bd5-b974-40a6-927a-88b54c562444?redirect=true&resultId=2Vb2x3V9gtI6WgwHrCku5N09hYM%3D,NEW,04/01/2026 16:27,SAST,-,-,-,-,-,-,-,-,-,-,-,-,-,-,-,-,-,-,-
CSRF,java/Java_Medium_Threat/CSRF,/src/main/java/org/cysecurity/cspf/jvl/controller/Install.java,58,39,gc4T1Vp3SUHgbcK6cR6Q8Y0SdyA=,"""""dbname""""",/src/main/java/org/cysecurity/cspf/jvl/controller/Install.java,152,52,jWah5zVqe6frPjInWzIAr+UJn7Y=,executeUpdate,To Verify,MEDIUM,-,https://rel-candidate.perf.cxast.net/sast-results/3534332e-7e18-446a-8446-de7e2bbd8027/7a0c2bd5-b974-40a6-927a-88b54c562444?redirect=true&resultId=dBN5ajQrv8TXplFXF6FzhbODrBA%3D,NEW,04/01/2026 16:27,SAST,-,-,-,-,-,-,-,-,-,-,-,-,-,-,-,-,-,-,-
CSRF,java/Java_Medium_Threat/CSRF,/src/main/java/org/cysecurity/cspf/jvl/controller/Install.java,58,39,gc4T1Vp3SUHgbcK6cR6Q8Y0SdyA=,"""""dbname""""",/src/main/java/org/cysecurity/cspf/jvl/controller/Install.java,153,52,OxQwejO0qsISH//4aDlRsfxhdvw=,executeUpdate,To Verify,MEDIUM,-,https://rel-candidate.perf.cxast.net/sast-results/3534332e-7e18-446a-8446-de7e2bbd8027/7a0c2bd5-b974-40a6-927a-88b54c562444?redirect=true&resultId=X8F2eKaKmqkimz6Jy6KyEX8oOlE%3D,NEW,04/01/2026 16:27,SAST,-,-,-,-,-,-,-,-,-,-,-,-,-,-,-,-,-,-,-
CSRF,java/Java_Medium_Threat/CSRF,/src/main/java/org/cysecurity/cspf/jvl/controller/Install.java,58,39,gc4T1Vp3SUHgbcK6cR6Q8Y0SdyA=,"""""dbname""""",/src/main/java/org/cysecurity/cspf/jvl/controller/Install.java,158,51,/tXPLqPWckZGpk/2WKIWUb+1WFM=,executeUpdate,To Verify,MEDIUM,-,https://rel-candidate.perf.cxast.net/sast-results/3534332e-7e18-446a-8446-de7e2bbd8027/7a0c2bd5-b974-40a6-927a-88b54c562444?redirect=true&resultId=ytUlZxEyuM7oiDzT%2BSdQcjWWbtw%3D,NEW,04/01/2026 16:27,SAST,-,-,-,-,-,-,-,-,-,-,-,-,-,-,-,-,-,-,-
CSRF,java/Java_Medium_Threat/CSRF,/src/main/java/org/cysecurity/cspf/jvl/controller/Install.java,58,39,gc4T1Vp3SUHgbcK6cR6Q8Y0SdyA=,"""""dbname""""",/src/main/java/org/cysecurity/cspf/jvl/controller/Install.java,136,50,uu+slYp4r8IaV+bEQHkZmdK+L/Q=,executeUpdate,To Verify,MEDIUM,-,https://rel-candidate.perf.cxast.net/sast-results/3534332e-7e18-446a-8446-de7e2bbd8027/7a0c2bd5-b974-40a6-927a-88b54c562444?redirect=true&resultId=zOUbKLGhnqWLmMdPPt2rOUfHWnY%3D,NEW,04/01/2026 16:27,SAST,-,-,-,-,-,-,-,-,-,-,-,-,-,-,-,-,-,-,-
CSRF,java/Java_Medium_Threat/CSRF,/src/main/java/org/cysecurity/cspf/jvl/controller/Install.java,58,39,gc4T1Vp3SUHgbcK6cR6Q8Y0SdyA=,"""""dbname""""",/src/main/java/org/cysecurity/cspf/jvl/controller/Install.java,132,52,80SgmT2p5W20DDyQJ58Yv9y/XmM=,executeUpdate,To Verify,MEDIUM,-,https://rel-candidate.perf.cxast.net/sast-results/3534332e-7e18-446a-8446-de7e2bbd8027/7a0c2bd5-b974-40a6-927a-88b54c562444?redirect=true&resultId=7fcZk%2FGq1IxXMpsleIG%2FRNoO8Qk%3D,NEW,04/01/2026 16:27,SAST,-,-,-,-,-,-,-,-,-,-,-,-,-,-,-,-,-,-,-
CSRF,java/Java_Medium_Threat/CSRF,/src/main/java/org/cysecurity/cspf/jvl/controller/Install.java,58,39,gc4T1Vp3SUHgbcK6cR6Q8Y0SdyA=,"""""dbname""""",/src/main/java/org/cysecurity/cspf/jvl/controller/Install.java,139,50,ZzMRlz491XHnLNdq7HTGkFm+MAo=,executeUpdate,To Verify,MEDIUM,-,https://rel-candidate.perf.cxast.net/sast-results/3534332e-7e18-446a-8446-de7e2bbd8027/7a0c2bd5-b974-40a6-927a-88b54c562444?redirect=true&resultId=xPBIQFhtsNEJRGSUTTqXM2PYFPU%3D,NEW,04/01/2026 16:27,SAST,-,-,-,-,-,-,-,-,-,-,-,-,-,-,-,-,-,-,-
CSRF,java/Java_Medium_Threat/CSRF,/src/main/java/org/cysecurity/cspf/jvl/controller/Install.java,58,39,gc4T1Vp3SUHgbcK6cR6Q8Y0SdyA=,"""""dbname""""",/src/main/java/org/cysecurity/cspf/jvl/controller/Install.java,138,50,aip+Z6SR2SGoPr+ZhFBF5l8Ehpc=,executeUpdate,To Verify,MEDIUM,-,https://rel-candidate.perf.cxast.net/sast-results/3534332e-7e18-446a-8446-de7e2bbd8027/7a0c2bd5-b974-40a6-927a-88b54c562444?redirect=true&resultId=GxkbiCrHU0drvU9HiqLyXTDIqsQ%3D,NEW,04/01/2026 16:27,SAST,-,-,-,-,-,-,-,-,-,-,-,-,-,-,-,-,-,-,-
CSRF,java/Java_Medium_Threat/CSRF,/src/main/java/org/cysecurity/cspf/jvl/controller/Install.java,58,39,gc4T1Vp3SUHgbcK6cR6Q8Y0SdyA=,"""""dbname""""",/src/main/java/org/cysecurity/cspf/jvl/controller/Install.java,137,50,q/Uc1BN99YXUgFeEY3QhzPn5A2Y=,executeUpdate,To Verify,MEDIUM,-,https://rel-candidate.perf.cxast.net/sast-results/3534332e-7e18-446a-8446-de7e2bbd8027/7a0c2bd5-b974-40a6-927a-88b54c562444?redirect=true&resultId=y7lQtwGxfnrgtuKbzDw9MgHblCA%3D,NEW,04/01/2026 16:27,SAST,-,-,-,-,-,-,-,-,-,-,-,-,-,-,-,-,-,-,-
CSRF,java/Java_Medium_Threat/CSRF,/src/main/java/org/cysecurity/cspf/jvl/controller/Install.java,58,39,gc4T1Vp3SUHgbcK6cR6Q8Y0SdyA=,"""""dbname""""",/src/main/java/org/cysecurity/cspf/jvl/controller/Install.java,131,51,uEKhtZ5POpbJ00LBUKkSKWQD254=,executeUpdate,To Verify,MEDIUM,-,https://rel-candidate.perf.cxast.net/sast-results/3534332e-7e18-446a-8446-de7e2bbd8027/7a0c2bd5-b974-40a6-927a-88b54c562444?redirect=true&resultId=OqBZGqMzU%2BEEf06VdzMQFI3%2FYgg%3D,NEW,04/01/2026 16:27,SAST,-,-,-,-,-,-,-,-,-,-,-,-,-,-,-,-,-,-,-
CSRF,java/Java_Medium_Threat/CSRF,/src/main/java/org/cysecurity/cspf/jvl/controller/Install.java,58,39,gc4T1Vp3SUHgbcK6cR6Q8Y0SdyA=,"""""dbname""""",/src/main/java/org/cysecurity/cspf/jvl/controller/Install.java,130,51,g/QmQUeQNIsZcYrRMrLxjMYu5so=,executeUpdate,To Verify,MEDIUM,-,https://rel-candidate.perf.cxast.net/sast-results/3534332e-7e18-446a-8446-de7e2bbd8027/7a0c2bd5-b974-40a6-927a-88b54c562444?redirect=true&resultId=RLxloKHG4tlprG3LoPBvsU8uK%2Bo%3D,NEW,04/01/2026 16:27,SAST,-,-,-,-,-,-,-,-,-,-,-,-,-,-,-,-,-,-,-
CSRF,java/Java_Medium_Threat/CSRF,/src/main/java/org/cysecurity/cspf/jvl/controller/Install.java,58,39,gc4T1Vp3SUHgbcK6cR6Q8Y0SdyA=,"""""dbname""""",/src/main/java/org/cysecurity/cspf/jvl/controller/Install.java,129,53,zKJun1negoQt4t8RrLL2RimyLJM=,executeUpdate,To Verify,MEDIUM,-,https://rel-candidate.perf.cxast.net/sast-results/3534332e-7e18-446a-8446-de7e2bbd8027/7a0c2bd5-b974-40a6-927a-88b54c562444?redirect=true&resultId=8oQeMKPfP0%2FtNCgKZmdAevzzm%2F8%3D,NEW,04/01/2026 16:27,SAST,-,-,-,-,-,-,-,-,-,-,-,-,-,-,-,-,-,-,-
CSRF,java/Java_Medium_Threat/CSRF,/src/main/java/org/cysecurity/cspf/jvl/controller/Install.java,58,39,gc4T1Vp3SUHgbcK6cR6Q8Y0SdyA=,"""""dbname""""",/src/main/java/org/cysecurity/cspf/jvl/controller/Install.java,128,53,BjQdglgxZhxwWoSEaOsMXuECtbM=,executeUpdate,To Verify,MEDIUM,-,https://rel-candidate.perf.cxast.net/sast-results/3534332e-7e18-446a-8446-de7e2bbd8027/7a0c2bd5-b974-40a6-927a-88b54c562444?redirect=true&resultId=KpXOzipL6BWNEcq1FCQM%2FCoV8nE%3D,NEW,04/01/2026 16:27,SAST,-,-,-,-,-,-,-,-,-,-,-,-,-,-,-,-,-,-,-
CSRF,java/Java_Medium_Threat/CSRF,/src/main/java/org/cysecurity/cspf/jvl/controller/Install.java,58,39,gc4T1Vp3SUHgbcK6cR6Q8Y0SdyA=,"""""dbname""""",/src/main/java/org/cysecurity/cspf/jvl/controller/Install.java,127,53,ffhWABmP97Vxlt7Fqq1EZsu9HYg=,executeUpdate,To Verify,MEDIUM,-,https://rel-candidate.perf.cxast.net/sast-results/3534332e-7e18-446a-8446-de7e2bbd8027/7a0c2bd5-b974-40a6-927a-88b54c562444?redirect=true&resultId=UKbthyXQLhNZLQdDOWzS67mVfts%3D,NEW,04/01/2026 16:27,SAST,-,-,-,-,-,-,-,-,-,-,-,-,-,-,-,-,-,-,-
CSRF,java/Java_Medium_Threat/CSRF,/src/main/java/org/cysecurity/cspf/jvl/controller/Install.java,57,39,TR072F1dGO43Hid6uoQp2Ncqkn0=,"""""dbpass""""",/src/main/java/org/cysecurity/cspf/jvl/controller/Install.java,165,52,pMUhLFcAFCOI3XoQDfYFsZ7fUGY=,executeUpdate,To Verify,MEDIUM,-,https://rel-candidate.perf.cxast.net/sast-results/3534332e-7e18-446a-8446-de7e2bbd8027/7a0c2bd5-b974-40a6-927a-88b54c562444?redirect=true&resultId=Ntpu9g1KdDpz6e95b%2BhPN6Fgn4I%3D,NEW,04/01/2026 16:27,SAST,-,-,-,-,-,-,-,-,-,-,-,-,-,-,-,-,-,-,-
CSRF,java/Java_Medium_Threat/CSRF,/src/main/java/org/cysecurity/cspf/jvl/controller/Install.java,57,39,TR072F1dGO43Hid6uoQp2Ncqkn0=,"""""dbpass""""",/src/main/java/org/cysecurity/cspf/jvl/controller/Install.java,153,52,OxQwejO0qsISH//4aDlRsfxhdvw=,executeUpdate,To Verify,MEDIUM,-,https://rel-candidate.perf.cxast.net/sast-results/3534332e-7e18-446a-8446-de7e2bbd8027/7a0c2bd5-b974-40a6-927a-88b54c562444?redirect=true&resultId=SWkGYhoblGbBqcUaEDzR9y723Ng%3D,NEW,04/01/2026 16:27,SAST,-,-,-,-,-,-,-,-,-,-,-,-,-,-,-,-,-,-,-
CSRF,java/Java_Medium_Threat/CSRF,/src/main/java/org/cysecurity/cspf/jvl/controller/Install.java,57,39,TR072F1dGO43Hid6uoQp2Ncqkn0=,"""""dbpass""""",/src/main/java/org/cysecurity/cspf/jvl/controller/Install.java,164,51,QhcOqKOiVT0L9Jzb4OapbTrHWvk=,executeUpdate,To Verify,MEDIUM,-,https://rel-candidate.perf.cxast.net/sast-results/3534332e-7e18-446a-8446-de7e2bbd8027/7a0c2bd5-b974-40a6-927a-88b54c562444?redirect=true&resultId=7KwZULqiHcvlyj6yFS0fzv7spFM%3D,NEW,04/01/2026 16:27,SAST,-,-,-,-,-,-,-,-,-,-,-,-,-,-,-,-,-,-,-
CSRF,java/Java_Medium_Threat/CSRF,/src/main/java/org/cysecurity/cspf/jvl/controller/Install.java,57,39,TR072F1dGO43Hid6uoQp2Ncqkn0=,"""""dbpass""""",/src/main/java/org/cysecurity/cspf/jvl/controller/Install.java,160,51,vVoCnsRoagEahfAkxvoVxpfNmjg=,executeUpdate,To Verify,MEDIUM,-,https://rel-candidate.perf.cxast.net/sast-results/3534332e-7e18-446a-8446-de7e2bbd8027/7a0c2bd5-b974-40a6-927a-88b54c562444?redirect=true&resultId=NiEEB%2BdwzaRMWIgxhFc0lolFBUo%3D,NEW,04/01/2026 16:27,SAST,-,-,-,-,-,-,-,-,-,-,-,-,-,-,-,-,-,-,-
CSRF,java/Java_Medium_Threat/CSRF,/src/main/java/org/cysecurity/cspf/jvl/controller/Install.java,57,39,TR072F1dGO43Hid6uoQp2Ncqkn0=,"""""dbpass""""",/src/main/java/org/cysecurity/cspf/jvl/controller/Install.java,159,51,gFyIBN+GnlAZpT5UeHm7/UO3hYw=,executeUpdate,To Verify,MEDIUM,-,https://rel-candidate.perf.cxast.net/sast-results/3534332e-7e18-446a-8446-de7e2bbd8027/7a0c2bd5-b974-40a6-927a-88b54c562444?redirect=true&resultId=QUM4XAfn6FNFIR0KoT9X6o6Rj3A%3D,NEW,04/01/2026 16:27,SAST,-,-,-,-,-,-,-,-,-,-,-,-,-,-,-,-,-,-,-
CSRF,java/Java_Medium_Threat/CSRF,/src/main/java/org/cysecurity/cspf/jvl/controller/Install.java,57,39,TR072F1dGO43Hid6uoQp2Ncqkn0=,"""""dbpass""""",/src/main/java/org/cysecurity/cspf/jvl/controller/Install.java,158,51,/tXPLqPWckZGpk/2WKIWUb+1WFM=,executeUpdate,To Verify,MEDIUM,-,https://rel-candidate.perf.cxast.net/sast-results/3534332e-7e18-446a-8446-de7e2bbd8027/7a0c2bd5-b974-40a6-927a-88b54c562444?redirect=true&resultId=VK1E3FVtPxJ9evdpXm6M51X5Geo%3D,NEW,04/01/2026 16:27,SAST,-,-,-,-,-,-,-,-,-,-,-,-,-,-,-,-,-,-,-
CSRF,java/Java_Medium_Threat/CSRF,/src/main/java/org/cysecurity/cspf/jvl/controller/Install.java,57,39,TR072F1dGO43Hid6uoQp2Ncqkn0=,"""""dbpass""""",/src/main/java/org/cysecurity/cspf/jvl/controller/Install.java,144,51,X+N1S79ft85S9/Vpwm56vYcSiTU=,executeUpdate,To Verify,MEDIUM,-,https://rel-candidate.perf.cxast.net/sast-results/3534332e-7e18-446a-8446-de7e2bbd8027/7a0c2bd5-b974-40a6-927a-88b54c562444?redirect=true&resultId=ii3b5syZLU%2FI%2Fawm1hBAL71LAkM%3D,NEW,04/01/2026 16:27,SAST,-,-,-,-,-,-,-,-,-,-,-,-,-,-,-,-,-,-,-
CSRF,java/Java_Medium_Threat/CSRF,/src/main/java/org/cysecurity/cspf/jvl/controller/Install.java,57,39,TR072F1dGO43Hid6uoQp2Ncqkn0=,"""""dbpass""""",/src/main/java/org/cysecurity/cspf/jvl/controller/Install.java,148,51,61/DanZXFtLqpldFahaRWWdtAl8=,executeUpdate,To Verify,MEDIUM,-,https://rel-candidate.perf.cxast.net/sast-results/3534332e-7e18-446a-8446-de7e2bbd8027/7a0c2bd5-b974-40a6-927a-88b54c562444?redirect=true&resultId=TIxCtIvqPAcxKKyql3qjIMCeKQ4%3D,NEW,04/01/2026 16:27,SAST,-,-,-,-,-,-,-,-,-,-,-,-,-,-,-,-,-,-,-
CSRF,java/Java_Medium_Threat/CSRF,/src/main/java/org/cysecurity/cspf/jvl/controller/Install.java,57,39,TR072F1dGO43Hid6uoQp2Ncqkn0=,"""""dbpass""""",/src/main/java/org/cysecurity/cspf/jvl/controller/Install.java,152,52,jWah5zVqe6frPjInWzIAr+UJn7Y=,executeUpdate,To Verify,MEDIUM,-,https://rel-candidate.perf.cxast.net/sast-results/3534332e-7e18-446a-8446-de7e2bbd8027/7a0c2bd5-b974-40a6-927a-88b54c562444?redirect=true&resultId=Q7JRyNKRaWZeEbl87%2Fx2guMC9Ok%3D,NEW,04/01/2026 16:27,SAST,-,-,-,-,-,-,-,-,-,-,-,-,-,-,-,-,-,-,-
CSRF,java/Java_Medium_Threat/CSRF,/src/main/java/org/cysecurity/cspf/jvl/controller/Install.java,57,39,TR072F1dGO43Hid6uoQp2Ncqkn0=,"""""dbpass""""",/src/main/java/org/cysecurity/cspf/jvl/controller/Install.java,139,50,ZzMRlz491XHnLNdq7HTGkFm+MAo=,executeUpdate,To Verify,MEDIUM,-,https://rel-candidate.perf.cxast.net/sast-results/3534332e-7e18-446a-8446-de7e2bbd8027/7a0c2bd5-b974-40a6-927a-88b54c562444?redirect=true&resultId=9bXJp69JEQGShnjNMYJpb3IIHfc%3D,NEW,04/01/2026 16:27,SAST,-,-,-,-,-,-,-,-,-,-,-,-,-,-,-,-,-,-,-
CSRF,java/Java_Medium_Threat/CSRF,/src/main/java/org/cysecurity/cspf/jvl/controller/Install.java,57,39,TR072F1dGO43Hid6uoQp2Ncqkn0=,"""""dbpass""""",/src/main/java/org/cysecurity/cspf/jvl/controller/Install.java,143,50,Y2/ukgAmKL+VW8yDKC+BSjAPRQk=,executeUpdate,To Verify,MEDIUM,-,https://rel-candidate.perf.cxast.net/sast-results/3534332e-7e18-446a-8446-de7e2bbd8027/7a0c2bd5-b974-40a6-927a-88b54c562444?redirect=true&resultId=H%2F7pRG5%2Bv6DcoVZG5fFOU7dUZuU%3D,NEW,04/01/2026 16:27,SAST,-,-,-,-,-,-,-,-,-,-,-,-,-,-,-,-,-,-,-
CSRF,java/Java_Medium_Threat/CSRF,/src/main/java/org/cysecurity/cspf/jvl/controller/Install.java,57,39,TR072F1dGO43Hid6uoQp2Ncqkn0=,"""""dbpass""""",/src/main/java/org/cysecurity/cspf/jvl/controller/Install.java,138,50,aip+Z6SR2SGoPr+ZhFBF5l8Ehpc=,executeUpdate,To Verify,MEDIUM,-,https://rel-candidate.perf.cxast.net/sast-results/3534332e-7e18-446a-8446-de7e2bbd8027/7a0c2bd5-b974-40a6-927a-88b54c562444?redirect=true&resultId=ihmj4JJFS5vnLlP21gINeIYjiQ0%3D,NEW,04/01/2026 16:27,SAST,-,-,-,-,-,-,-,-,-,-,-,-,-,-,-,-,-,-,-
CSRF,java/Java_Medium_Threat/CSRF,/src/main/java/org/cysecurity/cspf/jvl/controller/Install.java,57,39,TR072F1dGO43Hid6uoQp2Ncqkn0=,"""""dbpass""""",/src/main/java/org/cysecurity/cspf/jvl/controller/Install.java,131,51,uEKhtZ5POpbJ00LBUKkSKWQD254=,executeUpdate,To Verify,MEDIUM,-,https://rel-candidate.perf.cxast.net/sast-results/3534332e-7e18-446a-8446-de7e2bbd8027/7a0c2bd5-b974-40a6-927a-88b54c562444?redirect=true&resultId=8TAo3JvubVzHQ7xTT58PEZXgkqg%3D,NEW,04/01/2026 16:27,SAST,-,-,-,-,-,-,-,-,-,-,-,-,-,-,-,-,-,-,-
CSRF,java/Java_Medium_Threat/CSRF,/src/main/java/org/cysecurity/cspf/jvl/controller/Install.java,57,39,TR072F1dGO43Hid6uoQp2Ncqkn0=,"""""dbpass""""",/src/main/java/org/cysecurity/cspf/jvl/controller/Install.java,137,50,q/Uc1BN99YXUgFeEY3QhzPn5A2Y=,executeUpdate,To Verify,MEDIUM,-,https://rel-candidate.perf.cxast.net/sast-results/3534332e-7e18-446a-8446-de7e2bbd8027/7a0c2bd5-b974-40a6-927a-88b54c562444?redirect=true&resultId=PX7eLUY5Jz9Ir4uvsnJ5Iy85Dak%3D,NEW,04/01/2026 16:27,SAST,-,-,-,-,-,-,-,-,-,-,-,-,-,-,-,-,-,-,-
CSRF,java/Java_Medium_Threat/CSRF,/src/main/java/org/cysecurity/cspf/jvl/controller/Install.java,57,39,TR072F1dGO43Hid6uoQp2Ncqkn0=,"""""dbpass""""",/src/main/java/org/cysecurity/cspf/jvl/controller/Install.java,132,52,80SgmT2p5W20DDyQJ58Yv9y/XmM=,executeUpdate,To Verify,MEDIUM,-,https://rel-candidate.perf.cxast.net/sast-results/3534332e-7e18-446a-8446-de7e2bbd8027/7a0c2bd5-b974-40a6-927a-88b54c562444?redirect=true&resultId=DfrJOGm%2B8h98thN3tkz1u2zo3hg%3D,NEW,04/01/2026 16:27,SAST,-,-,-,-,-,-,-,-,-,-,-,-,-,-,-,-,-,-,-
CSRF,java/Java_Medium_Threat/CSRF,/src/main/java/org/cysecurity/cspf/jvl/controller/Install.java,57,39,TR072F1dGO43Hid6uoQp2Ncqkn0=,"""""dbpass""""",/src/main/java/org/cysecurity/cspf/jvl/controller/Install.java,136,50,uu+slYp4r8IaV+bEQHkZmdK+L/Q=,executeUpdate,To Verify,MEDIUM,-,https://rel-candidate.perf.cxast.net/sast-results/3534332e-7e18-446a-8446-de7e2bbd8027/7a0c2bd5-b974-40a6-927a-88b54c562444?redirect=true&resultId=Q3sq9ZyYxJmlbKWheSr0Y6eHcSc%3D,NEW,04/01/2026 16:27,SAST,-,-,-,-,-,-,-,-,-,-,-,-,-,-,-,-,-,-,-
CSRF,java/Java_Medium_Threat/CSRF,/src/main/java/org/cysecurity/cspf/jvl/controller/Install.java,57,39,TR072F1dGO43Hid6uoQp2Ncqkn0=,"""""dbpass""""",/src/main/java/org/cysecurity/cspf/jvl/controller/Install.java,130,51,g/QmQUeQNIsZcYrRMrLxjMYu5so=,executeUpdate,To Verify,MEDIUM,-,https://rel-candidate.perf.cxast.net/sast-results/3534332e-7e18-446a-8446-de7e2bbd8027/7a0c2bd5-b974-40a6-927a-88b54c562444?redirect=true&resultId=g2nQZFudH5xbR3KsFsPJo5oTV2g%3D,NEW,04/01/2026 16:27,SAST,-,-,-,-,-,-,-,-,-,-,-,-,-,-,-,-,-,-,-
CSRF,java/Java_Medium_Threat/CSRF,/src/main/java/org/cysecurity/cspf/jvl/controller/Install.java,57,39,TR072F1dGO43Hid6uoQp2Ncqkn0=,"""""dbpass""""",/src/main/java/org/cysecurity/cspf/jvl/controller/Install.java,129,53,zKJun1negoQt4t8RrLL2RimyLJM=,executeUpdate,To Verify,MEDIUM,-,https://rel-candidate.perf.cxast.net/sast-results/3534332e-7e18-446a-8446-de7e2bbd8027/7a0c2bd5-b974-40a6-927a-88b54c562444?redirect=true&resultId=Sk4sksJ6nrhukJ192iUJ7vn8AwQ%3D,NEW,04/01/2026 16:27,SAST,-,-,-,-,-,-,-,-,-,-,-,-,-,-,-,-,-,-,-
CSRF,java/Java_Medium_Threat/CSRF,/src/main/java/org/cysecurity/cspf/jvl/controller/Install.java,57,39,TR072F1dGO43Hid6uoQp2Ncqkn0=,"""""dbpass""""",/src/main/java/org/cysecurity/cspf/jvl/controller/Install.java,128,53,BjQdglgxZhxwWoSEaOsMXuECtbM=,executeUpdate,To Verify,MEDIUM,-,https://rel-candidate.perf.cxast.net/sast-results/3534332e-7e18-446a-8446-de7e2bbd8027/7a0c2bd5-b974-40a6-927a-88b54c562444?redirect=true&resultId=ooKtfF0lXbAsi56xyc3K4SiPGec%3D,NEW,04/01/2026 16:27,SAST,-,-,-,-,-,-,-,-,-,-,-,-,-,-,-,-,-,-,-
CSRF,java/Java_Medium_Threat/CSRF,/src/main/java/org/cysecurity/cspf/jvl/controller/Install.java,57,39,TR072F1dGO43Hid6uoQp2Ncqkn0=,"""""dbpass""""",/src/main/java/org/cysecurity/cspf/jvl/controller/Install.java,127,53,ffhWABmP97Vxlt7Fqq1EZsu9HYg=,executeUpdate,To Verify,MEDIUM,-,https://rel-candidate.perf.cxast.net/sast-results/3534332e-7e18-446a-8446-de7e2bbd8027/7a0c2bd5-b974-40a6-927a-88b54c562444?redirect=true&resultId=9svTMewDY2Yn2MWxiRASrfEzgVY%3D,NEW,04/01/2026 16:27,SAST,-,-,-,-,-,-,-,-,-,-,-,-,-,-,-,-,-,-,-
CSRF,java/Java_Medium_Threat/CSRF,/src/main/java/org/cysecurity/cspf/jvl/controller/Install.java,56,39,gdRRv3tVFc6bGyRiZmnKUNVKby8=,"""""dbuser""""",/src/main/java/org/cysecurity/cspf/jvl/controller/Install.java,164,51,QhcOqKOiVT0L9Jzb4OapbTrHWvk=,executeUpdate,To Verify,MEDIUM,-,https://rel-candidate.perf.cxast.net/sast-results/3534332e-7e18-446a-8446-de7e2bbd8027/7a0c2bd5-b974-40a6-927a-88b54c562444?redirect=true&resultId=gQWDa0cfWQmktMYqgDENkmCr0Lg%3D,NEW,04/01/2026 16:27,SAST,-,-,-,-,-,-,-,-,-,-,-,-,-,-,-,-,-,-,-
CSRF,java/Java_Medium_Threat/CSRF,/src/main/java/org/cysecurity/cspf/jvl/controller/Install.java,56,39,gdRRv3tVFc6bGyRiZmnKUNVKby8=,"""""dbuser""""",/src/main/java/org/cysecurity/cspf/jvl/controller/Install.java,165,52,pMUhLFcAFCOI3XoQDfYFsZ7fUGY=,executeUpdate,To Verify,MEDIUM,-,https://rel-candidate.perf.cxast.net/sast-results/3534332e-7e18-446a-8446-de7e2bbd8027/7a0c2bd5-b974-40a6-927a-88b54c562444?redirect=true&resultId=u8L29LsaXsAGYQZe8wfhnDwKHys%3D,NEW,04/01/2026 16:27,SAST,-,-,-,-,-,-,-,-,-,-,-,-,-,-,-,-,-,-,-
CSRF,java/Java_Medium_Threat/CSRF,/src/main/java/org/cysecurity/cspf/jvl/controller/Install.java,56,39,gdRRv3tVFc6bGyRiZmnKUNVKby8=,"""""dbuser""""",/src/main/java/org/cysecurity/cspf/jvl/controller/Install.java,160,51,vVoCnsRoagEahfAkxvoVxpfNmjg=,executeUpdate,To Verify,MEDIUM,-,https://rel-candidate.perf.cxast.net/sast-results/3534332e-7e18-446a-8446-de7e2bbd8027/7a0c2bd5-b974-40a6-927a-88b54c562444?redirect=true&resultId=bhLbSbCfvy0VHZbACZna0mjFGQI%3D,NEW,04/01/2026 16:27,SAST,-,-,-,-,-,-,-,-,-,-,-,-,-,-,-,-,-,-,-
CSRF,java/Java_Medium_Threat/CSRF,/src/main/java/org/cysecurity/cspf/jvl/controller/Install.java,56,39,gdRRv3tVFc6bGyRiZmnKUNVKby8=,"""""dbuser""""",/src/main/java/org/cysecurity/cspf/jvl/controller/Install.java,159,51,gFyIBN+GnlAZpT5UeHm7/UO3hYw=,executeUpdate,To Verify,MEDIUM,-,https://rel-candidate.perf.cxast.net/sast-results/3534332e-7e18-446a-8446-de7e2bbd8027/7a0c2bd5-b974-40a6-927a-88b54c562444?redirect=true&resultId=yrO2Gigh74e1QwT89OuuDQNF5%2Fc%3D,NEW,04/01/2026 16:27,SAST,-,-,-,-,-,-,-,-,-,-,-,-,-,-,-,-,-,-,-
CSRF,java/Java_Medium_Threat/CSRF,/src/main/java/org/cysecurity/cspf/jvl/controller/Install.java,56,39,gdRRv3tVFc6bGyRiZmnKUNVKby8=,"""""dbuser""""",/src/main/java/org/cysecurity/cspf/jvl/controller/Install.java,158,51,/tXPLqPWckZGpk/2WKIWUb+1WFM=,executeUpdate,To Verify,MEDIUM,-,https://rel-candidate.perf.cxast.net/sast-results/3534332e-7e18-446a-8446-de7e2bbd8027/7a0c2bd5-b974-40a6-927a-88b54c562444?redirect=true&resultId=7O5uUBwNv8gbO%2FWAbyiN6CJEc5g%3D,NEW,04/01/2026 16:27,SAST,-,-,-,-,-,-,-,-,-,-,-,-,-,-,-,-,-,-,-
CSRF,java/Java_Medium_Threat/CSRF,/src/main/java/org/cysecurity/cspf/jvl/controller/Install.java,56,39,gdRRv3tVFc6bGyRiZmnKUNVKby8=,"""""dbuser""""",/src/main/java/org/cysecurity/cspf/jvl/controller/Install.java,139,50,ZzMRlz491XHnLNdq7HTGkFm+MAo=,executeUpdate,To Verify,MEDIUM,-,https://rel-candidate.perf.cxast.net/sast-results/3534332e-7e18-446a-8446-de7e2bbd8027/7a0c2bd5-b974-40a6-927a-88b54c562444?redirect=true&resultId=C%2Bf7oScCUOqYMJJkPH628gG6sP4%3D,NEW,04/01/2026 16:27,SAST,-,-,-,-,-,-,-,-,-,-,-,-,-,-,-,-,-,-,-
CSRF,java/Java_Medium_Threat/CSRF,/src/main/java/org/cysecurity/cspf/jvl/controller/Install.java,56,39,gdRRv3tVFc6bGyRiZmnKUNVKby8=,"""""dbuser""""",/src/main/java/org/cysecurity/cspf/jvl/controller/Install.java,153,52,OxQwejO0qsISH//4aDlRsfxhdvw=,executeUpdate,To Verify,MEDIUM,-,https://rel-candidate.perf.cxast.net/sast-results/3534332e-7e18-446a-8446-de7e2bbd8027/7a0c2bd5-b974-40a6-927a-88b54c562444?redirect=true&resultId=5tnZgRoIp77RSqsvZhQPt1U30Xs%3D,NEW,04/01/2026 16:27,SAST,-,-,-,-,-,-,-,-,-,-,-,-,-,-,-,-,-,-,-
CSRF,java/Java_Medium_Threat/CSRF,/src/main/java/org/cysecurity/cspf/jvl/controller/Install.java,56,39,gdRRv3tVFc6bGyRiZmnKUNVKby8=,"""""dbuser""""",/src/main/java/org/cysecurity/cspf/jvl/controller/Install.java,152,52,jWah5zVqe6frPjInWzIAr+UJn7Y=,executeUpdate,To Verify,MEDIUM,-,https://rel-candidate.perf.cxast.net/sast-results/3534332e-7e18-446a-8446-de7e2bbd8027/7a0c2bd5-b974-40a6-927a-88b54c562444?redirect=true&resultId=XPdFQbPCehZWPOZ9EMCwIyaSj8g%3D,NEW,04/01/2026 16:27,SAST,-,-,-,-,-,-,-,-,-,-,-,-,-,-,-,-,-,-,-
CSRF,java/Java_Medium_Threat/CSRF,/src/main/java/org/cysecurity/cspf/jvl/controller/Install.java,56,39,gdRRv3tVFc6bGyRiZmnKUNVKby8=,"""""dbuser""""",/src/main/java/org/cysecurity/cspf/jvl/controller/Install.java,148,51,61/DanZXFtLqpldFahaRWWdtAl8=,executeUpdate,To Verify,MEDIUM,-,https://rel-candidate.perf.cxast.net/sast-results/3534332e-7e18-446a-8446-de7e2bbd8027/7a0c2bd5-b974-40a6-927a-88b54c562444?redirect=true&resultId=4oQ8qguEdj8Wq5YNgN4G9BzKSLw%3D,NEW,04/01/2026 16:27,SAST,-,-,-,-,-,-,-,-,-,-,-,-,-,-,-,-,-,-,-
CSRF,java/Java_Medium_Threat/CSRF,/src/main/java/org/cysecurity/cspf/jvl/controller/Install.java,56,39,gdRRv3tVFc6bGyRiZmnKUNVKby8=,"""""dbuser""""",/src/main/java/org/cysecurity/cspf/jvl/controller/Install.java,144,51,X+N1S79ft85S9/Vpwm56vYcSiTU=,executeUpdate,To Verify,MEDIUM,-,https://rel-candidate.perf.cxast.net/sast-results/3534332e-7e18-446a-8446-de7e2bbd8027/7a0c2bd5-b974-40a6-927a-88b54c562444?redirect=true&resultId=0cUt5jIXNXJLmmy1glAw1EEKjxw%3D,NEW,04/01/2026 16:27,SAST,-,-,-,-,-,-,-,-,-,-,-,-,-,-,-,-,-,-,-
CSRF,java/Java_Medium_Threat/CSRF,/src/main/java/org/cysecurity/cspf/jvl/controller/Install.java,56,39,gdRRv3tVFc6bGyRiZmnKUNVKby8=,"""""dbuser""""",/src/main/java/org/cysecurity/cspf/jvl/controller/Install.java,143,50,Y2/ukgAmKL+VW8yDKC+BSjAPRQk=,executeUpdate,To Verify,MEDIUM,-,https://rel-candidate.perf.cxast.net/sast-results/3534332e-7e18-446a-8446-de7e2bbd8027/7a0c2bd5-b974-40a6-927a-88b54c562444?redirect=true&resultId=inZCRDQHu%2BxcUYz1z4x5IQQy4KA%3D,NEW,04/01/2026 16:27,SAST,-,-,-,-,-,-,-,-,-,-,-,-,-,-,-,-,-,-,-
CSRF,java/Java_Medium_Threat/CSRF,/src/main/java/org/cysecurity/cspf/jvl/controller/Install.java,56,39,gdRRv3tVFc6bGyRiZmnKUNVKby8=,"""""dbuser""""",/src/main/java/org/cysecurity/cspf/jvl/controller/Install.java,138,50,aip+Z6SR2SGoPr+ZhFBF5l8Ehpc=,executeUpdate,To Verify,MEDIUM,-,https://rel-candidate.perf.cxast.net/sast-results/3534332e-7e18-446a-8446-de7e2bbd8027/7a0c2bd5-b974-40a6-927a-88b54c562444?redirect=true&resultId=KaETqWphaun4150UBotndCcORUs%3D,NEW,04/01/2026 16:27,SAST,-,-,-,-,-,-,-,-,-,-,-,-,-,-,-,-,-,-,-
CSRF,java/Java_Medium_Threat/CSRF,/src/main/java/org/cysecurity/cspf/jvl/controller/Install.java,56,39,gdRRv3tVFc6bGyRiZmnKUNVKby8=,"""""dbuser""""",/src/main/java/org/cysecurity/cspf/jvl/controller/Install.java,137,50,q/Uc1BN99YXUgFeEY3QhzPn5A2Y=,executeUpdate,To Verify,MEDIUM,-,https://rel-candidate.perf.cxast.net/sast-results/3534332e-7e18-446a-8446-de7e2bbd8027/7a0c2bd5-b974-40a6-927a-88b54c562444?redirect=true&resultId=dt8I4zIyfgreKTSBSha8hj4vLk0%3D,NEW,04/01/2026 16:27,SAST,-,-,-,-,-,-,-,-,-,-,-,-,-,-,-,-,-,-,-
CSRF,java/Java_Medium_Threat/CSRF,/src/main/java/org/cysecurity/cspf/jvl/controller/Install.java,56,39,gdRRv3tVFc6bGyRiZmnKUNVKby8=,"""""dbuser""""",/src/main/java/org/cysecurity/cspf/jvl/controller/Install.java,136,50,uu+slYp4r8IaV+bEQHkZmdK+L/Q=,executeUpdate,To Verify,MEDIUM,-,https://rel-candidate.perf.cxast.net/sast-results/3534332e-7e18-446a-8446-de7e2bbd8027/7a0c2bd5-b974-40a6-927a-88b54c562444?redirect=true&resultId=5%2B4z5rhKFI71wQqsgIKDr2nTgbo%3D,NEW,04/01/2026 16:27,SAST,-,-,-,-,-,-,-,-,-,-,-,-,-,-,-,-,-,-,-
CSRF,java/Java_Medium_Threat/CSRF,/src/main/java/org/cysecurity/cspf/jvl/controller/Install.java,56,39,gdRRv3tVFc6bGyRiZmnKUNVKby8=,"""""dbuser""""",/src/main/java/org/cysecurity/cspf/jvl/controller/Install.java,132,52,80SgmT2p5W20DDyQJ58Yv9y/XmM=,executeUpdate,To Verify,MEDIUM,-,https://rel-candidate.perf.cxast.net/sast-results/3534332e-7e18-446a-8446-de7e2bbd8027/7a0c2bd5-b974-40a6-927a-88b54c562444?redirect=true&resultId=EHn9lumqWmN8xS54Lm7wteyQhFQ%3D,NEW,04/01/2026 16:27,SAST,-,-,-,-,-,-,-,-,-,-,-,-,-,-,-,-,-,-,-
CSRF,java/Java_Medium_Threat/CSRF,/src/main/java/org/cysecurity/cspf/jvl/controller/Install.java,56,39,gdRRv3tVFc6bGyRiZmnKUNVKby8=,"""""dbuser""""",/src/main/java/org/cysecurity/cspf/jvl/controller/Install.java,130,51,g/QmQUeQNIsZcYrRMrLxjMYu5so=,executeUpdate,To Verify,MEDIUM,-,https://rel-candidate.perf.cxast.net/sast-results/3534332e-7e18-446a-8446-de7e2bbd8027/7a0c2bd5-b974-40a6-927a-88b54c562444?redirect=true&resultId=SXOnhEakQdcY6dqs4DrJsKUj6xQ%3D,NEW,04/01/2026 16:27,SAST,-,-,-,-,-,-,-,-,-,-,-,-,-,-,-,-,-,-,-
CSRF,java/Java_Medium_Threat/CSRF,/src/main/java/org/cysecurity/cspf/jvl/controller/Install.java,56,39,gdRRv3tVFc6bGyRiZmnKUNVKby8=,"""""dbuser""""",/src/main/java/org/cysecurity/cspf/jvl/controller/Install.java,129,53,zKJun1negoQt4t8RrLL2RimyLJM=,executeUpdate,To Verify,MEDIUM,-,https://rel-candidate.perf.cxast.net/sast-results/3534332e-7e18-446a-8446-de7e2bbd8027/7a0c2bd5-b974-40a6-927a-88b54c562444?redirect=true&resultId=nLLWYyhDGy1Y3LwvW%2FPkGKwOWRY%3D,NEW,04/01/2026 16:27,SAST,-,-,-,-,-,-,-,-,-,-,-,-,-,-,-,-,-,-,-
CSRF,java/Java_Medium_Threat/CSRF,/src/main/java/org/cysecurity/cspf/jvl/controller/Install.java,56,39,gdRRv3tVFc6bGyRiZmnKUNVKby8=,"""""dbuser""""",/src/main/java/org/cysecurity/cspf/jvl/controller/Install.java,131,51,uEKhtZ5POpbJ00LBUKkSKWQD254=,executeUpdate,To Verify,MEDIUM,-,https://rel-candidate.perf.cxast.net/sast-results/3534332e-7e18-446a-8446-de7e2bbd8027/7a0c2bd5-b974-40a6-927a-88b54c562444?redirect=true&resultId=yNH4G3fqrpMOx1t38l69O8VxDwc%3D,NEW,04/01/2026 16:27,SAST,-,-,-,-,-,-,-,-,-,-,-,-,-,-,-,-,-,-,-
CSRF,java/Java_Medium_Threat/CSRF,/src/main/java/org/cysecurity/cspf/jvl/controller/Install.java,54,38,AfFZUneBFd6UQhSh+XE+NiS1wSc=,"""""dburl""""",/src/main/java/org/cysecurity/cspf/jvl/controller/Install.java,164,51,QhcOqKOiVT0L9Jzb4OapbTrHWvk=,executeUpdate,To Verify,MEDIUM,-,https://rel-candidate.perf.cxast.net/sast-results/3534332e-7e18-446a-8446-de7e2bbd8027/7a0c2bd5-b974-40a6-927a-88b54c562444?redirect=true&resultId=MwWxywUR%2FmsV7s8wJrRFSLaNwao%3D,NEW,04/01/2026 16:27,SAST,-,-,-,-,-,-,-,-,-,-,-,-,-,-,-,-,-,-,-
CSRF,java/Java_Medium_Threat/CSRF,/src/main/java/org/cysecurity/cspf/jvl/controller/Install.java,56,39,gdRRv3tVFc6bGyRiZmnKUNVKby8=,"""""dbuser""""",/src/main/java/org/cysecurity/cspf/jvl/controller/Install.java,128,53,BjQdglgxZhxwWoSEaOsMXuECtbM=,executeUpdate,To Verify,MEDIUM,-,https://rel-candidate.perf.cxast.net/sast-results/3534332e-7e18-446a-8446-de7e2bbd8027/7a0c2bd5-b974-40a6-927a-88b54c562444?redirect=true&resultId=7AZVBjB7c6i2xFYEfISFgWDvFzQ%3D,NEW,04/01/2026 16:27,SAST,-,-,-,-,-,-,-,-,-,-,-,-,-,-,-,-,-,-,-
CSRF,java/Java_Medium_Threat/CSRF,/src/main/java/org/cysecurity/cspf/jvl/controller/Install.java,56,39,gdRRv3tVFc6bGyRiZmnKUNVKby8=,"""""dbuser""""",/src/main/java/org/cysecurity/cspf/jvl/controller/Install.java,127,53,ffhWABmP97Vxlt7Fqq1EZsu9HYg=,executeUpdate,To Verify,MEDIUM,-,https://rel-candidate.perf.cxast.net/sast-results/3534332e-7e18-446a-8446-de7e2bbd8027/7a0c2bd5-b974-40a6-927a-88b54c562444?redirect=true&resultId=Vv9S%2BkoERuvL8xVmaCzzbMawALc%3D,NEW,04/01/2026 16:27,SAST,-,-,-,-,-,-,-,-,-,-,-,-,-,-,-,-,-,-,-
CSRF,java/Java_Medium_Threat/CSRF,/src/main/java/org/cysecurity/cspf/jvl/controller/Install.java,54,38,AfFZUneBFd6UQhSh+XE+NiS1wSc=,"""""dburl""""",/src/main/java/org/cysecurity/cspf/jvl/controller/Install.java,165,52,pMUhLFcAFCOI3XoQDfYFsZ7fUGY=,executeUpdate,To Verify,MEDIUM,-,https://rel-candidate.perf.cxast.net/sast-results/3534332e-7e18-446a-8446-de7e2bbd8027/7a0c2bd5-b974-40a6-927a-88b54c562444?redirect=true&resultId=NKG9pG7BkOy797jn9X%2BgQTeuGp4%3D,NEW,04/01/2026 16:27,SAST,-,-,-,-,-,-,-,-,-,-,-,-,-,-,-,-,-,-,-
CSRF,java/Java_Medium_Threat/CSRF,/src/main/java/org/cysecurity/cspf/jvl/controller/Install.java,54,38,AfFZUneBFd6UQhSh+XE+NiS1wSc=,"""""dburl""""",/src/main/java/org/cysecurity/cspf/jvl/controller/Install.java,153,52,OxQwejO0qsISH//4aDlRsfxhdvw=,executeUpdate,To Verify,MEDIUM,-,https://rel-candidate.perf.cxast.net/sast-results/3534332e-7e18-446a-8446-de7e2bbd8027/7a0c2bd5-b974-40a6-927a-88b54c562444?redirect=true&resultId=NwA23Qw9%2Btb8r%2BnU2KfTXyIIyU8%3D,NEW,04/01/2026 16:27,SAST,-,-,-,-,-,-,-,-,-,-,-,-,-,-,-,-,-,-,-
CSRF,java/Java_Medium_Threat/CSRF,/src/main/java/org/cysecurity/cspf/jvl/controller/Install.java,54,38,AfFZUneBFd6UQhSh+XE+NiS1wSc=,"""""dburl""""",/src/main/java/org/cysecurity/cspf/jvl/controller/Install.java,160,51,vVoCnsRoagEahfAkxvoVxpfNmjg=,executeUpdate,To Verify,MEDIUM,-,https://rel-candidate.perf.cxast.net/sast-results/3534332e-7e18-446a-8446-de7e2bbd8027/7a0c2bd5-b974-40a6-927a-88b54c562444?redirect=true&resultId=AKyeasExW8tC%2FKbw%2F0hDIQnLjuE%3D,NEW,04/01/2026 16:27,SAST,-,-,-,-,-,-,-,-,-,-,-,-,-,-,-,-,-,-,-
CSRF,java/Java_Medium_Threat/CSRF,/src/main/java/org/cysecurity/cspf/jvl/controller/Install.java,54,38,AfFZUneBFd6UQhSh+XE+NiS1wSc=,"""""dburl""""",/src/main/java/org/cysecurity/cspf/jvl/controller/Install.java,159,51,gFyIBN+GnlAZpT5UeHm7/UO3hYw=,executeUpdate,To Verify,MEDIUM,-,https://rel-candidate.perf.cxast.net/sast-results/3534332e-7e18-446a-8446-de7e2bbd8027/7a0c2bd5-b974-40a6-927a-88b54c562444?redirect=true&resultId=gXrA9J%2FccEP0cxz7RnfV8GCohX0%3D,NEW,04/01/2026 16:27,SAST,-,-,-,-,-,-,-,-,-,-,-,-,-,-,-,-,-,-,-
CSRF,java/Java_Medium_Threat/CSRF,/src/main/java/org/cysecurity/cspf/jvl/controller/Install.java,54,38,AfFZUneBFd6UQhSh+XE+NiS1wSc=,"""""dburl""""",/src/main/java/org/cysecurity/cspf/jvl/controller/Install.java,158,51,/tXPLqPWckZGpk/2WKIWUb+1WFM=,executeUpdate,To Verify,MEDIUM,-,https://rel-candidate.perf.cxast.net/sast-results/3534332e-7e18-446a-8446-de7e2bbd8027/7a0c2bd5-b974-40a6-927a-88b54c562444?redirect=true&resultId=uKkqVctF0AgZiQhPF9KBxW1erh4%3D,NEW,04/01/2026 16:27,SAST,-,-,-,-,-,-,-,-,-,-,-,-,-,-,-,-,-,-,-
CSRF,java/Java_Medium_Threat/CSRF,/src/main/java/org/cysecurity/cspf/jvl/controller/Install.java,54,38,AfFZUneBFd6UQhSh+XE+NiS1wSc=,"""""dburl""""",/src/main/java/org/cysecurity/cspf/jvl/controller/Install.java,152,52,jWah5zVqe6frPjInWzIAr+UJn7Y=,executeUpdate,To Verify,MEDIUM,-,https://rel-candidate.perf.cxast.net/sast-results/3534332e-7e18-446a-8446-de7e2bbd8027/7a0c2bd5-b974-40a6-927a-88b54c562444?redirect=true&resultId=8bavV2bE6S1dh8EmbbTBxWqu%2FFA%3D,NEW,04/01/2026 16:27,SAST,-,-,-,-,-,-,-,-,-,-,-,-,-,-,-,-,-,-,-
CSRF,java/Java_Medium_Threat/CSRF,/src/main/java/org/cysecurity/cspf/jvl/controller/Install.java,54,38,AfFZUneBFd6UQhSh+XE+NiS1wSc=,"""""dburl""""",/src/main/java/org/cysecurity/cspf/jvl/controller/Install.java,148,51,61/DanZXFtLqpldFahaRWWdtAl8=,executeUpdate,To Verify,MEDIUM,-,https://rel-candidate.perf.cxast.net/sast-results/3534332e-7e18-446a-8446-de7e2bbd8027/7a0c2bd5-b974-40a6-927a-88b54c562444?redirect=true&resultId=B5twEc7LsMmnt0AOlngjh%2BE3z2k%3D,NEW,04/01/2026 16:27,SAST,-,-,-,-,-,-,-,-,-,-,-,-,-,-,-,-,-,-,-
CSRF,java/Java_Medium_Threat/CSRF,/src/main/java/org/cysecurity/cspf/jvl/controller/Install.java,54,38,AfFZUneBFd6UQhSh+XE+NiS1wSc=,"""""dburl""""",/src/main/java/org/cysecurity/cspf/jvl/controller/Install.java,144,51,X+N1S79ft85S9/Vpwm56vYcSiTU=,executeUpdate,To Verify,MEDIUM,-,https://rel-candidate.perf.cxast.net/sast-results/3534332e-7e18-446a-8446-de7e2bbd8027/7a0c2bd5-b974-40a6-927a-88b54c562444?redirect=true&resultId=iVjc%2BfeB0IPXOXmjwEufCAGwzmc%3D,NEW,04/01/2026 16:27,SAST,-,-,-,-,-,-,-,-,-,-,-,-,-,-,-,-,-,-,-
CSRF,java/Java_Medium_Threat/CSRF,/src/main/java/org/cysecurity/cspf/jvl/controller/Install.java,54,38,AfFZUneBFd6UQhSh+XE+NiS1wSc=,"""""dburl""""",/src/main/java/org/cysecurity/cspf/jvl/controller/Install.java,143,50,Y2/ukgAmKL+VW8yDKC+BSjAPRQk=,executeUpdate,To Verify,MEDIUM,-,https://rel-candidate.perf.cxast.net/sast-results/3534332e-7e18-446a-8446-de7e2bbd8027/7a0c2bd5-b974-40a6-927a-88b54c562444?redirect=true&resultId=iKKu2E3EKYFspRyhYvi%2BwmHpKLM%3D,NEW,04/01/2026 16:27,SAST,-,-,-,-,-,-,-,-,-,-,-,-,-,-,-,-,-,-,-
CSRF,java/Java_Medium_Threat/CSRF,/src/main/java/org/cysecurity/cspf/jvl/controller/Install.java,54,38,AfFZUneBFd6UQhSh+XE+NiS1wSc=,"""""dburl""""",/src/main/java/org/cysecurity/cspf/jvl/controller/Install.java,139,50,ZzMRlz491XHnLNdq7HTGkFm+MAo=,executeUpdate,To Verify,MEDIUM,-,https://rel-candidate.perf.cxast.net/sast-results/3534332e-7e18-446a-8446-de7e2bbd8027/7a0c2bd5-b974-40a6-927a-88b54c562444?redirect=true&resultId=np3w4i%2FoD7rHwvLIuuwdBAyd%2Bpg%3D,NEW,04/01/2026 16:27,SAST,-,-,-,-,-,-,-,-,-,-,-,-,-,-,-,-,-,-,-
CSRF,java/Java_Medium_Threat/CSRF,/src/main/java/org/cysecurity/cspf/jvl/controller/Install.java,54,38,AfFZUneBFd6UQhSh+XE+NiS1wSc=,"""""dburl""""",/src/main/java/org/cysecurity/cspf/jvl/controller/Install.java,138,50,aip+Z6SR2SGoPr+ZhFBF5l8Ehpc=,executeUpdate,To Verify,MEDIUM,-,https://rel-candidate.perf.cxast.net/sast-results/3534332e-7e18-446a-8446-de7e2bbd8027/7a0c2bd5-b974-40a6-927a-88b54c562444?redirect=true&resultId=Sbzs%2BV%2FoxFLO6FJT%2BkCE%2F%2FHb7a8%3D,NEW,04/01/2026 16:27,SAST,-,-,-,-,-,-,-,-,-,-,-,-,-,-,-,-,-,-,-
CSRF,java/Java_Medium_Threat/CSRF,/src/main/java/org/cysecurity/cspf/jvl/controller/Install.java,54,38,AfFZUneBFd6UQhSh+XE+NiS1wSc=,"""""dburl""""",/src/main/java/org/cysecurity/cspf/jvl/controller/Install.java,132,52,80SgmT2p5W20DDyQJ58Yv9y/XmM=,executeUpdate,To Verify,MEDIUM,-,https://rel-candidate.perf.cxast.net/sast-results/3534332e-7e18-446a-8446-de7e2bbd8027/7a0c2bd5-b974-40a6-927a-88b54c562444?redirect=true&resultId=7h%2BH%2ByhY0lwS%2FwLV4FjIbApjbKM%3D,NEW,04/01/2026 16:27,SAST,-,-,-,-,-,-,-,-,-,-,-,-,-,-,-,-,-,-,-
CSRF,java/Java_Medium_Threat/CSRF,/src/main/java/org/cysecurity/cspf/jvl/controller/Install.java,54,38,AfFZUneBFd6UQhSh+XE+NiS1wSc=,"""""dburl""""",/src/main/java/org/cysecurity/cspf/jvl/controller/Install.java,131,51,uEKhtZ5POpbJ00LBUKkSKWQD254=,executeUpdate,To Verify,MEDIUM,-,https://rel-candidate.perf.cxast.net/sast-results/3534332e-7e18-446a-8446-de7e2bbd8027/7a0c2bd5-b974-40a6-927a-88b54c562444?redirect=true&resultId=XBygGvb1cFM4bVQcYNdlDEWFt5s%3D,NEW,04/01/2026 16:27,SAST,-,-,-,-,-,-,-,-,-,-,-,-,-,-,-,-,-,-,-
CSRF,java/Java_Medium_Threat/CSRF,/src/main/java/org/cysecurity/cspf/jvl/controller/Install.java,54,38,AfFZUneBFd6UQhSh+XE+NiS1wSc=,"""""dburl""""",/src/main/java/org/cysecurity/cspf/jvl/controller/Install.java,130,51,g/QmQUeQNIsZcYrRMrLxjMYu5so=,executeUpdate,To Verify,MEDIUM,-,https://rel-candidate.perf.cxast.net/sast-results/3534332e-7e18-446a-8446-de7e2bbd8027/7a0c2bd5-b974-40a6-927a-88b54c562444?redirect=true&resultId=a60YqgbnnYwNAcPZEf2N0iTEWy0%3D,NEW,04/01/2026 16:27,SAST,-,-,-,-,-,-,-,-,-,-,-,-,-,-,-,-,-,-,-
CSRF,java/Java_Medium_Threat/CSRF,/src/main/java/org/cysecurity/cspf/jvl/controller/Install.java,54,38,AfFZUneBFd6UQhSh+XE+NiS1wSc=,"""""dburl""""",/src/main/java/org/cysecurity/cspf/jvl/controller/Install.java,137,50,q/Uc1BN99YXUgFeEY3QhzPn5A2Y=,executeUpdate,To Verify,MEDIUM,-,https://rel-candidate.perf.cxast.net/sast-results/3534332e-7e18-446a-8446-de7e2bbd8027/7a0c2bd5-b974-40a6-927a-88b54c562444?redirect=true&resultId=bkNoH1aOVLUk%2FVxiWaeivSziZrc%3D,NEW,04/01/2026 16:27,SAST,-,-,-,-,-,-,-,-,-,-,-,-,-,-,-,-,-,-,-
CSRF,java/Java_Medium_Threat/CSRF,/src/main/java/org/cysecurity/cspf/jvl/controller/Install.java,54,38,AfFZUneBFd6UQhSh+XE+NiS1wSc=,"""""dburl""""",/src/main/java/org/cysecurity/cspf/jvl/controller/Install.java,136,50,uu+slYp4r8IaV+bEQHkZmdK+L/Q=,executeUpdate,To Verify,MEDIUM,-,https://rel-candidate.perf.cxast.net/sast-results/3534332e-7e18-446a-8446-de7e2bbd8027/7a0c2bd5-b974-40a6-927a-88b54c562444?redirect=true&resultId=iuF%2FYQ9xje5LOeC4FqEW%2Fp6LaaM%3D,NEW,04/01/2026 16:27,SAST,-,-,-,-,-,-,-,-,-,-,-,-,-,-,-,-,-,-,-
CSRF,java/Java_Medium_Threat/CSRF,/src/main/java/org/cysecurity/cspf/jvl/controller/Install.java,54,38,AfFZUneBFd6UQhSh+XE+NiS1wSc=,"""""dburl""""",/src/main/java/org/cysecurity/cspf/jvl/controller/Install.java,127,53,ffhWABmP97Vxlt7Fqq1EZsu9HYg=,executeUpdate,To Verify,MEDIUM,-,https://rel-candidate.perf.cxast.net/sast-results/3534332e-7e18-446a-8446-de7e2bbd8027/7a0c2bd5-b974-40a6-927a-88b54c562444?redirect=true&resultId=r%2BKrm9Ni%2B5q17KYIEi9nXaVhC90%3D,NEW,04/01/2026 16:27,SAST,-,-,-,-,-,-,-,-,-,-,-,-,-,-,-,-,-,-,-
CSRF,java/Java_Medium_Threat/CSRF,/src/main/java/org/cysecurity/cspf/jvl/controller/Install.java,54,38,AfFZUneBFd6UQhSh+XE+NiS1wSc=,"""""dburl""""",/src/main/java/org/cysecurity/cspf/jvl/controller/Install.java,128,53,BjQdglgxZhxwWoSEaOsMXuECtbM=,executeUpdate,To Verify,MEDIUM,-,https://rel-candidate.perf.cxast.net/sast-results/3534332e-7e18-446a-8446-de7e2bbd8027/7a0c2bd5-b974-40a6-927a-88b54c562444?redirect=true&resultId=jPTZfAO7wftEmxVgMyvlPnWHt94%3D,NEW,04/01/2026 16:27,SAST,-,-,-,-,-,-,-,-,-,-,-,-,-,-,-,-,-,-,-
CSRF,java/Java_Medium_Threat/CSRF,/src/main/java/org/cysecurity/cspf/jvl/controller/Install.java,54,38,AfFZUneBFd6UQhSh+XE+NiS1wSc=,"""""dburl""""",/src/main/java/org/cysecurity/cspf/jvl/controller/Install.java,129,53,zKJun1negoQt4t8RrLL2RimyLJM=,executeUpdate,To Verify,MEDIUM,-,https://rel-candidate.perf.cxast.net/sast-results/3534332e-7e18-446a-8446-de7e2bbd8027/7a0c2bd5-b974-40a6-927a-88b54c562444?redirect=true&resultId=LDiwKrEd6USi5wfPFrGt0ewgc%2B0%3D,NEW,04/01/2026 16:27,SAST,-,-,-,-,-,-,-,-,-,-,-,-,-,-,-,-,-,-,-
CSRF,java/Java_Medium_Threat/CSRF,/src/main/java/org/cysecurity/cspf/jvl/controller/SendMessage.java,45,53,qNcPoBR5XPKAw87Uevh3sjcYaTs=,"""""sender""""",/src/main/java/org/cysecurity/cspf/jvl/controller/SendMessage.java,54,48,or0dhL+xEknlW0Jg/adTBf/JJCs=,executeUpdate,To Verify,MEDIUM,-,https://rel-candidate.perf.cxast.net/sast-results/3534332e-7e18-446a-8446-de7e2bbd8027/7a0c2bd5-b974-40a6-927a-88b54c562444?redirect=true&resultId=Aw1DfTrTbJDgfPfx5GgzpH4Hz08%3D,NEW,04/01/2026 16:27,SAST,-,-,-,-,-,-,-,-,-,-,-,-,-,-,-,-,-,-,-
CSRF,java/Java_Medium_Threat/CSRF,/src/main/java/org/cysecurity/cspf/jvl/controller/SendMessage.java,42,67,vEm5AfXQ9ae3s1MiWUfD4+pEjRw=,"""""recipient""""",/src/main/java/org/cysecurity/cspf/jvl/controller/SendMessage.java,54,48,or0dhL+xEknlW0Jg/adTBf/JJCs=,executeUpdate,To Verify,MEDIUM,-,https://rel-candidate.perf.cxast.net/sast-results/3534332e-7e18-446a-8446-de7e2bbd8027/7a0c2bd5-b974-40a6-927a-88b54c562444?redirect=true&resultId=4JbNkYJyipG3I%2BiyPa99UsGFWRQ%3D,NEW,04/01/2026 16:27,SAST,-,-,-,-,-,-,-,-,-,-,-,-,-,-,-,-,-,-,-
CSRF,java/Java_Medium_Threat/CSRF,/src/main/java/org/cysecurity/cspf/jvl/controller/SendMessage.java,43,57,a58Sg6E1rU26R5yMrn3Ur5UwGTI=,"""""subject""""",/src/main/java/org/cysecurity/cspf/jvl/controller/SendMessage.java,54,48,or0dhL+xEknlW0Jg/adTBf/JJCs=,executeUpdate,To Verify,MEDIUM,-,https://rel-candidate.perf.cxast.net/sast-results/3534332e-7e18-446a-8446-de7e2bbd8027/7a0c2bd5-b974-40a6-927a-88b54c562444?redirect=true&resultId=66DK%2F5kCs%2FQSqVDAceXxyTk%2FmGE%3D,NEW,04/01/2026 16:27,SAST,-,-,-,-,-,-,-,-,-,-,-,-,-,-,-,-,-,-,-
CSRF,java/Java_Medium_Threat/CSRF,/src/main/webapp/vulnerability/csrf/changepassword.jsp,33,42,+CA73G0vwhw0P3IEQ/Zukse102Q=,"""""password""""",/src/main/webapp/vulnerability/csrf/changepassword.jsp,40,33,AxBI/LFWyE82dcBQATE7CA4oOHQ=,executeUpdate,To Verify,MEDIUM,-,https://rel-candidate.perf.cxast.net/sast-results/3534332e-7e18-446a-8446-de7e2bbd8027/7a0c2bd5-b974-40a6-927a-88b54c562444?redirect=true&resultId=WbBtfhm4kZfrTKvS1xB6GeNiOk4%3D,NEW,04/01/2026 16:27,SAST,-,-,-,-,-,-,-,-,-,-,-,-,-,-,-,-,-,-,-
CSRF,java/Java_Medium_Threat/CSRF,/src/main/java/org/cysecurity/cspf/jvl/controller/Install.java,60,41,jF6CI9wzAP/4O5/C/07KU5WfLZA=,"""""adminuser""""",/src/main/java/org/cysecurity/cspf/jvl/controller/Install.java,127,53,ffhWABmP97Vxlt7Fqq1EZsu9HYg=,executeUpdate,To Verify,MEDIUM,-,https://rel-candidate.perf.cxast.net/sast-results/3534332e-7e18-446a-8446-de7e2bbd8027/7a0c2bd5-b974-40a6-927a-88b54c562444?redirect=true&resultId=blMoih5u%2BZDelzTSWncJ%2F05JZLo%3D,NEW,04/01/2026 16:27,SAST,-,-,-,-,-,-,-,-,-,-,-,-,-,-,-,-,-,-,-
CSRF,java/Java_Medium_Threat/CSRF,/src/main/java/org/cysecurity/cspf/jvl/controller/SendMessage.java,44,50,qAaA3XGCasgFdTXN06oGKO3ya+o=,"""""msg""""",/src/main/java/org/cysecurity/cspf/jvl/controller/SendMessage.java,54,48,or0dhL+xEknlW0Jg/adTBf/JJCs=,executeUpdate,To Verify,MEDIUM,-,https://rel-candidate.perf.cxast.net/sast-results/3534332e-7e18-446a-8446-de7e2bbd8027/7a0c2bd5-b974-40a6-927a-88b54c562444?redirect=true&resultId=XRShZASX63Ka0%2BaEWMJC%2FTQcykw%3D,NEW,04/01/2026 16:27,SAST,-,-,-,-,-,-,-,-,-,-,-,-,-,-,-,-,-,-,-
CSRF,java/Java_Medium_Threat/CSRF,/src/main/java/org/cysecurity/cspf/jvl/controller/Register.java,47,46,+P6j05pA13G0671h/JQe61V4r3E=,"""""secret""""",/src/main/java/org/cysecurity/cspf/jvl/controller/Register.java,58,53,mL5idCezqLZdkIyN+RPY3d7JrZo=,executeUpdate,To Verify,MEDIUM,-,https://rel-candidate.perf.cxast.net/sast-results/3534332e-7e18-446a-8446-de7e2bbd8027/7a0c2bd5-b974-40a6-927a-88b54c562444?redirect=true&resultId=xipe18dFbyLRAVt8G7FUmZ1SeHk%3D,NEW,04/01/2026 16:27,SAST,-,-,-,-,-,-,-,-,-,-,-,-,-,-,-,-,-,-,-
CSRF,java/Java_Medium_Threat/CSRF,/src/main/webapp/vulnerability/idor/change-email.jsp,27,38,MmJvvDXzuuj+4yfemL3M25JIegk=,"""""email""""",/src/main/webapp/vulnerability/idor/change-email.jsp,32,31,Mx+qCADXCQ5R84Dq53cM2kuyQ78=,executeUpdate,To Verify,MEDIUM,-,https://rel-candidate.perf.cxast.net/sast-results/3534332e-7e18-446a-8446-de7e2bbd8027/7a0c2bd5-b974-40a6-927a-88b54c562444?redirect=true&resultId=uck8KVk8XAvsA6pSPvn5RH0aT9k%3D,NEW,04/01/2026 16:27,SAST,-,-,-,-,-,-,-,-,-,-,-,-,-,-,-,-,-,-,-
CSRF,java/Java_Medium_Threat/CSRF,/src/main/webapp/changeCardDetails.jsp,39,48,VDZ9JaAFAWLYVJmiFbAEL/9bhA8=,"""""expirydate""""",/src/main/webapp/changeCardDetails.jsp,43,28,C199BTZO2BS2glLDwbL4efSlfxY=,executeUpdate,To Verify,MEDIUM,-,https://rel-candidate.perf.cxast.net/sast-results/3534332e-7e18-446a-8446-de7e2bbd8027/7a0c2bd5-b974-40a6-927a-88b54c562444?redirect=true&resultId=hHWlrRbqwdT3Y%2FyFitT6zO2kSHE%3D,NEW,04/01/2026 16:27,SAST,-,-,-,-,-,-,-,-,-,-,-,-,-,-,-,-,-,-,-
CSRF,java/Java_Medium_Threat/CSRF,/src/main/webapp/changeCardDetails.jsp,38,41,KWhAM1qu8fX5W74uqWa0pZOD12Y=,"""""cvv""""",/src/main/webapp/changeCardDetails.jsp,43,28,C199BTZO2BS2glLDwbL4efSlfxY=,executeUpdate,To Verify,MEDIUM,-,https://rel-candidate.perf.cxast.net/sast-results/3534332e-7e18-446a-8446-de7e2bbd8027/7a0c2bd5-b974-40a6-927a-88b54c562444?redirect=true&resultId=YJmL%2FkBUm77Gqzxsz8nKeOKa77E%3D,NEW,04/01/2026 16:27,SAST,-,-,-,-,-,-,-,-,-,-,-,-,-,-,-,-,-,-,-
CSRF,java/Java_Medium_Threat/CSRF,/src/main/webapp/changeCardDetails.jsp,37,44,mkk6f8bcgfbQ7GgtEDVTGoBlI9A=,"""""cardno""""",/src/main/webapp/changeCardDetails.jsp,43,28,C199BTZO2BS2glLDwbL4efSlfxY=,executeUpdate,To Verify,MEDIUM,-,https://rel-candidate.perf.cxast.net/sast-results/3534332e-7e18-446a-8446-de7e2bbd8027/7a0c2bd5-b974-40a6-927a-88b54c562444?redirect=true&resultId=cnMMO%2BPQ2OnR%2BtJ7rsjEr6y%2FHC8%3D,NEW,04/01/2026 16:27,SAST,-,-,-,-,-,-,-,-,-,-,-,-,-,-,-,-,-,-,-
CSRF,java/Java_Medium_Threat/CSRF,/src/main/webapp/vulnerability/csrf/change-info.jsp,26,37,g1R541eZpFbk3rfI/6kQpyffuQQ=,"""""info""""",/src/main/webapp/vulnerability/csrf/change-info.jsp,31,31,0hxmfURcs3XuYYNSBKQ6tPFMuec=,executeUpdate,To Verify,MEDIUM,-,https://rel-candidate.perf.cxast.net/sast-results/3534332e-7e18-446a-8446-de7e2bbd8027/7a0c2bd5-b974-40a6-927a-88b54c562444?redirect=true&resultId=uOaJN27Yxk%2F%2Fx94fkqBFkvSVZc4%3D,NEW,04/01/2026 16:27,SAST,-,-,-,-,-,-,-,-,-,-,-,-,-,-,-,-,-,-,-
CSRF,java/Java_Medium_Threat/CSRF,/src/main/java/org/cysecurity/cspf/jvl/controller/Register.java,44,44,3WDxoPSpgaNsu9LYVY2wZyQDKNs=,"""""password""""",/src/main/java/org/cysecurity/cspf/jvl/controller/Register.java,58,53,mL5idCezqLZdkIyN+RPY3d7JrZo=,executeUpdate,To Verify,MEDIUM,-,https://rel-candidate.perf.cxast.net/sast-results/3534332e-7e18-446a-8446-de7e2bbd8027/7a0c2bd5-b974-40a6-927a-88b54c562444?redirect=true&resultId=Izf%2F2QYJCVRt7rV0cEEkGQk870A%3D,NEW,04/01/2026 16:27,SAST,-,-,-,-,-,-,-,-,-,-,-,-,-,-,-,-,-,-,-
CSRF,java/Java_Medium_Threat/CSRF,/src/main/java/org/cysecurity/cspf/jvl/controller/Register.java,45,45,GSj4I2o/UEGQirj9sPMm1oFn+os=,"""""email""""",/src/main/java/org/cysecurity/cspf/jvl/controller/Register.java,58,53,mL5idCezqLZdkIyN+RPY3d7JrZo=,executeUpdate,To Verify,MEDIUM,-,https://rel-candidate.perf.cxast.net/sast-results/3534332e-7e18-446a-8446-de7e2bbd8027/7a0c2bd5-b974-40a6-927a-88b54c562444?redirect=true&resultId=NQtDXRmBZXYB%2FC3ap5Im%2BZZdnE8%3D,NEW,04/01/2026 16:27,SAST,-,-,-,-,-,-,-,-,-,-,-,-,-,-,-,-,-,-,-
CSRF,java/Java_Medium_Threat/CSRF,/src/main/java/org/cysecurity/cspf/jvl/controller/Register.java,46,45,Y/mjUTZPRcIrLCla1NeiXn/0OYs=,"""""About""""",/src/main/java/org/cysecurity/cspf/jvl/controller/Register.java,58,53,mL5idCezqLZdkIyN+RPY3d7JrZo=,executeUpdate,To Verify,MEDIUM,-,https://rel-candidate.perf.cxast.net/sast-results/3534332e-7e18-446a-8446-de7e2bbd8027/7a0c2bd5-b974-40a6-927a-88b54c562444?redirect=true&resultId=WrlMrJpND27dIAT46NBEjHakOPI%3D,NEW,04/01/2026 16:27,SAST,-,-,-,-,-,-,-,-,-,-,-,-,-,-,-,-,-,-,-
CSRF,java/Java_Medium_Threat/CSRF,/src/main/java/org/cysecurity/cspf/jvl/controller/Register.java,43,43,Fd39ajTvJQV78tMH3BpNZ1a1nKQ=,"""""username""""",/src/main/java/org/cysecurity/cspf/jvl/controller/Register.java,58,53,mL5idCezqLZdkIyN+RPY3d7JrZo=,executeUpdate,To Verify,MEDIUM,-,https://rel-candidate.perf.cxast.net/sast-results/3534332e-7e18-446a-8446-de7e2bbd8027/7a0c2bd5-b974-40a6-927a-88b54c562444?redirect=true&resultId=GXtk5LTBtY7Z1fh7jfA9cVYUjP4%3D,NEW,04/01/2026 16:27,SAST,-,-,-,-,-,-,-,-,-,-,-,-,-,-,-,-,-,-,-
CSRF,java/Java_Medium_Threat/CSRF,/src/main/webapp/vulnerability/forum.jsp,43,71,Qhrcy9wXEOvDOAz9GwtWQ5LaTfE=,"""""title""""",/src/main/webapp/vulnerability/forum.jsp,48,61,4IHCKFZ3Rb9FJQJUuJ/kgjrpvbU=,executeUpdate,To Verify,MEDIUM,-,https://rel-candidate.perf.cxast.net/sast-results/3534332e-7e18-446a-8446-de7e2bbd8027/7a0c2bd5-b974-40a6-927a-88b54c562444?redirect=true&resultId=5MkUqVTe1EvEvGABVHdGkLfEIwE%3D,NEW,04/01/2026 16:27,SAST,-,-,-,-,-,-,-,-,-,-,-,-,-,-,-,-,-,-,-
CSRF,java/Java_Medium_Threat/CSRF,/src/main/java/org/cysecurity/cspf/jvl/controller/Register.java,43,43,Fd39ajTvJQV78tMH3BpNZ1a1nKQ=,"""""username""""",/src/main/java/org/cysecurity/cspf/jvl/controller/Register.java,59,58,OdGV3OpIh6gI8ol2XrtSL8vZQFg=,executeUpdate,To Verify,MEDIUM,-,https://rel-candidate.perf.cxast.net/sast-results/3534332e-7e18-446a-8446-de7e2bbd8027/7a0c2bd5-b974-40a6-927a-88b54c562444?redirect=true&resultId=YFuqDVjbVq7PbrIJ7Rb1XmDGB3Y%3D,NEW,04/01/2026 16:27,SAST,-,-,-,-,-,-,-,-,-,-,-,-,-,-,-,-,-,-,-
CSRF,java/Java_Medium_Threat/CSRF,/src/main/webapp/vulnerability/forum.jsp,42,73,yFIbBoI7LFdzu2EUm0r6eqDj8Gw=,"""""content""""",/src/main/webapp/vulnerability/forum.jsp,48,61,4IHCKFZ3Rb9FJQJUuJ/kgjrpvbU=,executeUpdate,To Verify,MEDIUM,-,https://rel-candidate.perf.cxast.net/sast-results/3534332e-7e18-446a-8446-de7e2bbd8027/7a0c2bd5-b974-40a6-927a-88b54c562444?redirect=true&resultId=ryAtTDXUNlCAyTO8m%2BCMJOb2Ct8%3D,NEW,04/01/2026 16:27,SAST,-,-,-,-,-,-,-,-,-,-,-,-,-,-,-,-,-,-,-
CSRF,java/Java_Medium_Threat/CSRF,/src/main/webapp/vulnerability/forum.jsp,41,70,Wnii8tyWg0lv2whHCz7xrCQJnjg=,"""""user""""",/src/main/webapp/vulnerability/forum.jsp,48,61,4IHCKFZ3Rb9FJQJUuJ/kgjrpvbU=,executeUpdate,To Verify,MEDIUM,-,https://rel-candidate.perf.cxast.net/sast-results/3534332e-7e18-446a-8446-de7e2bbd8027/7a0c2bd5-b974-40a6-927a-88b54c562444?redirect=true&resultId=cD4tF1Pmkx35Nea4yN2Of10DSwY%3D,NEW,04/01/2026 16:27,SAST,-,-,-,-,-,-,-,-,-,-,-,-,-,-,-,-,-,-,-
CSRF,java/Java_Medium_Threat/CSRF,/src/main/webapp/admin/manageusers.jsp,13,39,mXrpBbgmIW5QNwNRa3ZwyS7+GSQ=,"""""user""""",/src/main/webapp/admin/manageusers.jsp,14,24,Q8a5WXtPfxDoovUQuO3BQDqzowQ=,executeUpdate,To Verify,MEDIUM,-,https://rel-candidate.perf.cxast.net/sast-results/3534332e-7e18-446a-8446-de7e2bbd8027/7a0c2bd5-b974-40a6-927a-88b54c562444?redirect=true&resultId=ZqkeGgQNR5pWtXlZVvxftuwalZc%3D,NEW,04/01/2026 16:27,SAST,-,-,-,-,-,-,-,-,-,-,-,-,-,-,-,-,-,-,-
CSRF,java/Java_Medium_Threat/CSRF,/src/main/webapp/vulnerability/idor/change-email.jsp,28,35,LhnTtK1XvDzwyjQ6FnRY8TwUAeU=,"""""id""""",/src/main/webapp/vulnerability/idor/change-email.jsp,32,31,Mx+qCADXCQ5R84Dq53cM2kuyQ78=,executeUpdate,To Verify,MEDIUM,-,https://rel-candidate.perf.cxast.net/sast-results/3534332e-7e18-446a-8446-de7e2bbd8027/7a0c2bd5-b974-40a6-927a-88b54c562444?redirect=true&resultId=7JSneQ8KeirklPx2kOc3yEbRopk%3D,NEW,04/01/2026 16:27,SAST,-,-,-,-,-,-,-,-,-,-,-,-,-,-,-,-,-,-,-
Trust_Boundary_Violation_in_Session_Variables,java/Java_Low_Visibility/Trust_Boundary_Violation_in_Session_Variables,/src/main/java/org/cysecurity/cspf/jvl/controller/XPathQuery.java,36,46,/3MzJh/Mp35oa/S+Y9dRDjRom1M=,"""""password""""",/src/main/java/org/cysecurity/cspf/jvl/controller/XPathQuery.java,63,48,yze0aWr4gM8RCtKXEOiMC7VvrFY=,name,To Verify,LOW,-,https://rel-candidate.perf.cxast.net/sast-results/3534332e-7e18-446a-8446-de7e2bbd8027/7a0c2bd5-b974-40a6-927a-88b54c562444?redirect=true&resultId=6jfdn33t%2B6cuy3TnyhUgOaaAxHc%3D,NEW,04/01/2026 16:27,SAST,-,-,-,-,-,-,-,-,-,-,-,-,-,-,-,-,-,-,-
Trust_Boundary_Violation_in_Session_Variables,java/Java_Low_Visibility/Trust_Boundary_Violation_in_Session_Variables,/src/main/java/org/cysecurity/cspf/jvl/controller/XPathQuery.java,35,46,xygnld/IbeB6ByG1lWs4howcqJg=,"""""username""""",/src/main/java/org/cysecurity/cspf/jvl/controller/XPathQuery.java,63,48,yze0aWr4gM8RCtKXEOiMC7VvrFY=,name,To Verify,LOW,-,https://rel-candidate.perf.cxast.net/sast-results/3534332e-7e18-446a-8446-de7e2bbd8027/7a0c2bd5-b974-40a6-927a-88b54c562444?redirect=true&resultId=4FCZHimlgLJlHM%2BHRXdwAyueljI%3D,NEW,04/01/2026 16:27,SAST,-,-,-,-,-,-,-,-,-,-,-,-,-,-,-,-,-,-,-
Heap_Inspection,java/Java_Low_Visibility/Heap_Inspection,/src/main/java/org/cysecurity/cspf/jvl/controller/rds.java,8,13,pGC9M2iFf9aqXoPxSXh6r8XEImk=,password,/src/main/java/org/cysecurity/cspf/jvl/controller/rds.java,8,13,pGC9M2iFf9aqXoPxSXh6r8XEImk=,password,To Verify,LOW,-,https://rel-candidate.perf.cxast.net/sast-results/3534332e-7e18-446a-8446-de7e2bbd8027/7a0c2bd5-b974-40a6-927a-88b54c562444?redirect=true&resultId=lJXlgsevR2dpCNhIKDeMEgHdTaA%3D,NEW,04/01/2026 16:27,SAST,-,-,-,-,-,-,-,-,-,-,-,-,-,-,-,-,-,-,-
Heap_Inspection,java/Java_Low_Visibility/Heap_Inspection,/src/main/java/org/cysecurity/cspf/jvl/controller/LoginValidator.java,64,47,loLQcHLlVBZo24JLfYFri4MXPbE=,password,/src/main/java/org/cysecurity/cspf/jvl/controller/LoginValidator.java,64,47,loLQcHLlVBZo24JLfYFri4MXPbE=,password,To Verify,LOW,-,https://rel-candidate.perf.cxast.net/sast-results/3534332e-7e18-446a-8446-de7e2bbd8027/7a0c2bd5-b974-40a6-927a-88b54c562444?redirect=true&resultId=J%2F4JBDQNbC4dsnKbxaHWSqBk55w%3D,NEW,04/01/2026 16:27,SAST,-,-,-,-,-,-,-,-,-,-,-,-,-,-,-,-,-,-,-
Heap_Inspection,java/Java_Low_Visibility/Heap_Inspection,/src/main/webapp/vulnerability/csrf/changepassword.jsp,33,16,LRyWxQI+bF6itWlafqA+WQOFqjg=,pass,/src/main/webapp/vulnerability/csrf/changepassword.jsp,33,16,LRyWxQI+bF6itWlafqA+WQOFqjg=,pass,To Verify,LOW,-,https://rel-candidate.perf.cxast.net/sast-results/3534332e-7e18-446a-8446-de7e2bbd8027/7a0c2bd5-b974-40a6-927a-88b54c562444?redirect=true&resultId=9Sn3qRyqN2ZzaiT2%2FOmVkR7JiHk%3D,NEW,04/01/2026 16:27,SAST,-,-,-,-,-,-,-,-,-,-,-,-,-,-,-,-,-,-,-
Heap_Inspection,java/Java_Low_Visibility/Heap_Inspection,/src/main/java/org/cysecurity/cspf/jvl/controller/Register.java,44,18,uooUhd/qVtB/dl7RU3OGf51PDG0=,pass,/src/main/java/org/cysecurity/cspf/jvl/controller/Register.java,44,18,uooUhd/qVtB/dl7RU3OGf51PDG0=,pass,To Verify,LOW,-,https://rel-candidate.perf.cxast.net/sast-results/3534332e-7e18-446a-8446-de7e2bbd8027/7a0c2bd5-b974-40a6-927a-88b54c562444?redirect=true&resultId=RudUnusztUqCmX1UrXHM8PiZr3g%3D,NEW,04/01/2026 16:27,SAST,-,-,-,-,-,-,-,-,-,-,-,-,-,-,-,-,-,-,-
Heap_Inspection,java/Java_Low_Visibility/Heap_Inspection,/src/main/webapp/vulnerability/Injection/orm.jsp,31,17,j5nazk+2xrI47t/Afjy/eFWPyCU=,dbpass,/src/main/webapp/vulnerability/Injection/orm.jsp,31,17,j5nazk+2xrI47t/Afjy/eFWPyCU=,dbpass,To Verify,LOW,-,https://rel-candidate.perf.cxast.net/sast-results/3534332e-7e18-446a-8446-de7e2bbd8027/7a0c2bd5-b974-40a6-927a-88b54c562444?redirect=true&resultId=gjwzNKSh%2FORBkeaU14CJbdnhZoQ%3D,NEW,04/01/2026 16:27,SAST,-,-,-,-,-,-,-,-,-,-,-,-,-,-,-,-,-,-,-
Heap_Inspection,java/Java_Low_Visibility/Heap_Inspection,/src/main/java/org/cysecurity/cspf/jvl/controller/LoginValidator.java,44,18,7OJldMiIjjMRCLtyuxZZtb3ZyZM=,pass,/src/main/java/org/cysecurity/cspf/jvl/controller/LoginValidator.java,44,18,7OJldMiIjjMRCLtyuxZZtb3ZyZM=,pass,To Verify,LOW,-,https://rel-candidate.perf.cxast.net/sast-results/3534332e-7e18-446a-8446-de7e2bbd8027/7a0c2bd5-b974-40a6-927a-88b54c562444?redirect=true&resultId=tHAAeT0N6xSYmdyraDVuTp0odcg%3D,NEW,04/01/2026 16:27,SAST,-,-,-,-,-,-,-,-,-,-,-,-,-,-,-,-,-,-,-
Heap_Inspection,java/Java_Low_Visibility/Heap_Inspection,/src/main/java/org/cysecurity/cspf/jvl/controller/XPathQuery.java,36,20,UmCxcS/mU9jOAznmoPWbNVKbxFE=,pass,/src/main/java/org/cysecurity/cspf/jvl/controller/XPathQuery.java,36,20,UmCxcS/mU9jOAznmoPWbNVKbxFE=,pass,To Verify,LOW,-,https://rel-candidate.perf.cxast.net/sast-results/3534332e-7e18-446a-8446-de7e2bbd8027/7a0c2bd5-b974-40a6-927a-88b54c562444?redirect=true&resultId=acYMDH7yP03zqBUZEQnvG6jklPM%3D,NEW,04/01/2026 16:27,SAST,-,-,-,-,-,-,-,-,-,-,-,-,-,-,-,-,-,-,-
Heap_Inspection,java/Java_Low_Visibility/Heap_Inspection,/src/main/java/org/cysecurity/cspf/jvl/model/DBConnect.java,28,17,5SHaivw3YpvlafMmIGYIJqC0H1M=,dbpass,/src/main/java/org/cysecurity/cspf/jvl/model/DBConnect.java,28,17,5SHaivw3YpvlafMmIGYIJqC0H1M=,dbpass,To Verify,LOW,-,https://rel-candidate.perf.cxast.net/sast-results/3534332e-7e18-446a-8446-de7e2bbd8027/7a0c2bd5-b974-40a6-927a-88b54c562444?redirect=true&resultId=nQlx1oXrw52PSOCcN6zJDdJ%2Fgfs%3D,NEW,04/01/2026 16:27,SAST,-,-,-,-,-,-,-,-,-,-,-,-,-,-,-,-,-,-,-
nr-cusotm,-,/.github/workflows/cx.yml,-,-,-,-,-,-,-,-,-,To Verify,CRITICAL,-,https://rel-candidate.perf.cxast.net/results/7a0c2bd5-b974-40a6-927a-88b54c562444/3534332e-7e18-446a-8446-de7e2bbd8027/kics?redirect=true&result-id=dF7gGksj0zicHZpmeopWYIgU1jg%3D,NEW,02/12/2026 14:44,IaC,CICD,Resource Management,Action pinned to a full length commit SHA.,Action is not pinned to a full length commit SHA.,IncorrectValue,-,-,-,-,-,-,-,-,-,-,-,-,-,-
S3 Bucket With All Permissions,-,/s3_with_all_permissions.tf,-,-,-,-,-,-,-,-,-,To Verify,CRITICAL,-,https://rel-candidate.perf.cxast.net/results/7a0c2bd5-b974-40a6-927a-88b54c562444/3534332e-7e18-446a-8446-de7e2bbd8027/kics?redirect=true&result-id=hVS%2Fma8QNjRQLpDP5opWikaW1aI%3D,NEW,11/07/2025 18:18,IaC,Terraform,Access Control,'policy.Statement' should not allow all actions to all principal,'policy.Statement' allows all actions to all principal,IncorrectValue,-,-,-,-,-,-,-,-,-,-,-,-,-,-
S3 Bucket Allows Delete Action From All Principals,-,/s3_with_all_permissions.tf,-,-,-,-,-,-,-,-,-,To Verify,CRITICAL,-,https://rel-candidate.perf.cxast.net/results/7a0c2bd5-b974-40a6-927a-88b54c562444/3534332e-7e18-446a-8446-de7e2bbd8027/kics?redirect=true&result-id=j6z7Nppuf3vonyn6ZDSKClAqRBE%3D,NEW,11/07/2025 18:18,IaC,Terraform,Access Control,aws_s3_bucket[s3Bucket].policy.Action should not be a 'Delete' action,aws_s3_bucket[s3Bucket].policy.Action is a 'Delete' action,IncorrectValue,-,-,-,-,-,-,-,-,-,-,-,-,-,-
S3 Bucket Access to Any Principal,-,/s3_with_all_permissions.tf,-,-,-,-,-,-,-,-,-,To Verify,CRITICAL,-,https://rel-candidate.perf.cxast.net/results/7a0c2bd5-b974-40a6-927a-88b54c562444/3534332e-7e18-446a-8446-de7e2bbd8027/kics?redirect=true&result-id=qO3unOAJQbhy9%2BHGXzA21x%2FBUHM%3D,NEW,11/07/2025 18:18,IaC,Terraform,Access Control,"aws_s3_bucket[s3Bucket].policy.Principal should not equal to, nor contain '*'",aws_s3_bucket[s3Bucket].policy.Principal is equal to or contains '*',IncorrectValue,-,-,-,-,-,-,-,-,-,-,-,-,-,-
S3 Bucket ACL Allows Read Or Write to All Users,-,/Unsecure_Storage_of_Encryption_Key.tf,-,-,-,-,-,-,-,-,-,To Verify,CRITICAL,-,https://rel-candidate.perf.cxast.net/results/7a0c2bd5-b974-40a6-927a-88b54c562444/3534332e-7e18-446a-8446-de7e2bbd8027/kics?redirect=true&result-id=6Thw0lyGNGEJB8XM6dmCXQ2gGJs%3D,NEW,11/07/2025 18:18,IaC,Terraform,Access Control,'acl' should equal to 'private','acl' is equal 'public-read',IncorrectValue,-,-,-,-,-,-,-,-,-,-,-,-,-,-
S3 Bucket ACL Allows Read Or Write to All Users,-,/s3.tf,-,-,-,-,-,-,-,-,-,To Verify,CRITICAL,-,https://rel-candidate.perf.cxast.net/results/7a0c2bd5-b974-40a6-927a-88b54c562444/3534332e-7e18-446a-8446-de7e2bbd8027/kics?redirect=true&result-id=%2FeJt8JbddaXPnxxxXGfpX3sBe7w%3D,NEW,11/07/2025 18:18,IaC,Terraform,Access Control,'acl' should equal to 'private','acl' is equal 'public-read',IncorrectValue,-,-,-,-,-,-,-,-,-,-,-,-,-,-
SQS Policy Allows All Actions,-,/sqs.tf,-,-,-,-,-,-,-,-,-,To Verify,HIGH,-,https://rel-candidate.perf.cxast.net/results/7a0c2bd5-b974-40a6-927a-88b54c562444/3534332e-7e18-446a-8446-de7e2bbd8027/kics?redirect=true&result-id=sYlsVCnrHNBAh9kbXSboAMlIorM%3D,NEW,11/07/2025 18:18,IaC,Terraform,Access Control,'policy.Statement.Action' should not equal '*','policy.Statement.Action' is equal '*',IncorrectValue,-,-,-,-,-,-,-,-,-,-,-,-,-,-
SQS Policy Allows All Actions,-,/Unsecure_Sensitive_data.tf,-,-,-,-,-,-,-,-,-,To Verify,HIGH,-,https://rel-candidate.perf.cxast.net/results/7a0c2bd5-b974-40a6-927a-88b54c562444/3534332e-7e18-446a-8446-de7e2bbd8027/kics?redirect=true&result-id=SwIerWC0GZ95uA6znj%2Fsks%2BoL4Y%3D,NEW,11/07/2025 18:18,IaC,Terraform,Access Control,'policy.Statement.Action' should not equal '*','policy.Statement.Action' is equal '*',IncorrectValue,-,-,-,-,-,-,-,-,-,-,-,-,-,-
Passwords And Secrets - Generic Password,-,/rds.tf,-,-,-,-,-,-,-,-,-,To Verify,HIGH,-,https://rel-candidate.perf.cxast.net/results/7a0c2bd5-b974-40a6-927a-88b54c562444/3534332e-7e18-446a-8446-de7e2bbd8027/kics?redirect=true&result-id=v0LGiuZ1IzY5DvNrYXNrmrw7JRs%3D,NEW,11/07/2025 18:18,IaC,Common,Secret Management,Hardcoded secret key should not appear in source,Hardcoded secret key appears in source,RedundantAttribute,-,-,-,-,-,-,-,-,-,-,-,-,-,-
Missing User Instruction,-,/Dockerfile,-,-,-,-,-,-,-,-,-,To Verify,HIGH,-,https://rel-candidate.perf.cxast.net/results/7a0c2bd5-b974-40a6-927a-88b54c562444/3534332e-7e18-446a-8446-de7e2bbd8027/kics?redirect=true&result-id=nnWti7FwVoJ0x6SL1SVKJWH0lag%3D,NEW,11/07/2025 18:18,IaC,Dockerfile,Build Process,The 'Dockerfile' should contain the 'USER' instruction,The 'Dockerfile' does not contain any 'USER' instruction,MissingAttribute,-,-,-,-,-,-,-,-,-,-,-,-,-,-
Hardcoded AWS Access Key,-,/infrostructure.tf,-,-,-,-,-,-,-,-,-,To Verify,HIGH,-,https://rel-candidate.perf.cxast.net/results/7a0c2bd5-b974-40a6-927a-88b54c562444/3534332e-7e18-446a-8446-de7e2bbd8027/kics?redirect=true&result-id=ydAXT8jRS9y6cS%2Fzp%2BPTl8jJkAE%3D,NEW,11/07/2025 18:18,IaC,Terraform,Secret Management,'user_data' shouldn't contain hardcoded access key,'user_data' contains hardcoded access key,IncorrectValue,-,-,-,-,-,-,-,-,-,-,-,-,-,-
DB Instance Storage Not Encrypted,-,/rds.tf,-,-,-,-,-,-,-,-,-,To Verify,HIGH,-,https://rel-candidate.perf.cxast.net/results/7a0c2bd5-b974-40a6-927a-88b54c562444/3534332e-7e18-446a-8446-de7e2bbd8027/kics?redirect=true&result-id=Nsbibt4FCz5ra0F2qNdkleHCa%2F4%3D,NEW,11/07/2025 18:18,IaC,Terraform,Encryption,'storage_encrypted' should be set to true,'storage_encrypted' is undefined or null,MissingAttribute,-,-,-,-,-,-,-,-,-,-,-,-,-,-
SQS With SSE Disabled,-,/Unsecure_Sensitive_data.tf,-,-,-,-,-,-,-,-,-,To Verify,MEDIUM,-,https://rel-candidate.perf.cxast.net/results/7a0c2bd5-b974-40a6-927a-88b54c562444/3534332e-7e18-446a-8446-de7e2bbd8027/kics?redirect=true&result-id=eMeDtJb4qerngr68rS1jAT2ysZM%3D,NEW,11/07/2025 18:18,IaC,Terraform,Encryption,aws_sqs_queue[q].kms_master_key_id or aws_sqs_queue[q].sqs_managed_sse_enabled should be defined and not null,aws_sqs_queue[q].kms_master_key_id and aws_sqs_queue[q].sqs_managed_sse_enabled are undefined or null,MissingAttribute,-,-,-,-,-,-,-,-,-,-,-,-,-,-
SQS With SSE Disabled,-,/sqs.tf,-,-,-,-,-,-,-,-,-,To Verify,MEDIUM,-,https://rel-candidate.perf.cxast.net/results/7a0c2bd5-b974-40a6-927a-88b54c562444/3534332e-7e18-446a-8446-de7e2bbd8027/kics?redirect=true&result-id=CNDb6H%2FJaXS4ALs4sqf5MDsYmbE%3D,NEW,11/07/2025 18:18,IaC,Terraform,Encryption,aws_sqs_queue[q].kms_master_key_id or aws_sqs_queue[q].sqs_managed_sse_enabled should be defined and not null,aws_sqs_queue[q].kms_master_key_id and aws_sqs_queue[q].sqs_managed_sse_enabled are undefined or null,MissingAttribute,-,-,-,-,-,-,-,-,-,-,-,-,-,-
SQS Policy With Public Access,-,/sqs.tf,-,-,-,-,-,-,-,-,-,To Verify,MEDIUM,-,https://rel-candidate.perf.cxast.net/results/7a0c2bd5-b974-40a6-927a-88b54c562444/3534332e-7e18-446a-8446-de7e2bbd8027/kics?redirect=true&result-id=d3kfTSAQvqt5d9kGb90Tw%2FXHuQE%3D,NEW,11/07/2025 18:18,IaC,Terraform,Access Control,'policy.Statement.Principal.AWS' should not equal '*','policy.Statement.Principal.AWS' is equal '*',IncorrectValue,-,-,-,-,-,-,-,-,-,-,-,-,-,-
SQS Policy With Public Access,-,/Unsecure_Sensitive_data.tf,-,-,-,-,-,-,-,-,-,To Verify,MEDIUM,-,https://rel-candidate.perf.cxast.net/results/7a0c2bd5-b974-40a6-927a-88b54c562444/3534332e-7e18-446a-8446-de7e2bbd8027/kics?redirect=true&result-id=yxHMdJg4VcUxiXGnu2BYhnc%2FlP8%3D,NEW,11/07/2025 18:18,IaC,Terraform,Access Control,'policy.Statement.Principal.AWS' should not equal '*','policy.Statement.Principal.AWS' is equal '*',IncorrectValue,-,-,-,-,-,-,-,-,-,-,-,-,-,-
S3 Bucket Without Versioning,-,/s3_with_all_permissions.tf,-,-,-,-,-,-,-,-,-,To Verify,MEDIUM,-,https://rel-candidate.perf.cxast.net/results/7a0c2bd5-b974-40a6-927a-88b54c562444/3534332e-7e18-446a-8446-de7e2bbd8027/kics?redirect=true&result-id=%2FonzJSne3oOMGJ7hR6pKjbbofqQ%3D,NEW,11/07/2025 18:18,IaC,Terraform,Backup,'versioning' should be true,'versioning' is undefined or null,MissingAttribute,-,-,-,-,-,-,-,-,-,-,-,-,-,-
S3 Bucket Without Versioning,-,/Unsecure_Storage_of_Encryption_Key.tf,-,-,-,-,-,-,-,-,-,To Verify,MEDIUM,-,https://rel-candidate.perf.cxast.net/results/7a0c2bd5-b974-40a6-927a-88b54c562444/3534332e-7e18-446a-8446-de7e2bbd8027/kics?redirect=true&result-id=cr7zB3MRuY23wPIPqGhSvIUvVFs%3D,NEW,11/07/2025 18:18,IaC,Terraform,Backup,'versioning' should be true,'versioning' is undefined or null,MissingAttribute,-,-,-,-,-,-,-,-,-,-,-,-,-,-
S3 Bucket Without Versioning,-,/s3.tf,-,-,-,-,-,-,-,-,-,To Verify,MEDIUM,-,https://rel-candidate.perf.cxast.net/results/7a0c2bd5-b974-40a6-927a-88b54c562444/3534332e-7e18-446a-8446-de7e2bbd8027/kics?redirect=true&result-id=4e2OI8d0f189N2bm2rlzwrDPyPs%3D,NEW,11/07/2025 18:18,IaC,Terraform,Backup,'versioning' should be true,'versioning' is undefined or null,MissingAttribute,-,-,-,-,-,-,-,-,-,-,-,-,-,-
S3 Bucket Policy Accepts HTTP Requests,-,/s3_with_all_permissions.tf,-,-,-,-,-,-,-,-,-,To Verify,MEDIUM,-,https://rel-candidate.perf.cxast.net/results/7a0c2bd5-b974-40a6-927a-88b54c562444/3534332e-7e18-446a-8446-de7e2bbd8027/kics?redirect=true&result-id=eVMjWGErkWZG3tmSymYTvT17WRE%3D,NEW,11/07/2025 18:18,IaC,Terraform,Encryption,aws_s3_bucket[s3Bucket].policy should not accept HTTP Requests,aws_s3_bucket[s3Bucket].policy accepts HTTP Requests,IncorrectValue,-,-,-,-,-,-,-,-,-,-,-,-,-,-
S3 Bucket Logging Disabled,-,/Unsecure_Storage_of_Encryption_Key.tf,-,-,-,-,-,-,-,-,-,To Verify,MEDIUM,-,https://rel-candidate.perf.cxast.net/results/7a0c2bd5-b974-40a6-927a-88b54c562444/3534332e-7e18-446a-8446-de7e2bbd8027/kics?redirect=true&result-id=6FkKJe0DICn1fYvn4cnEFQ%2Ffx5I%3D,NEW,11/07/2025 18:18,IaC,Terraform,Observability,'logging' should be defined and not null,'logging' is undefined or null,MissingAttribute,-,-,-,-,-,-,-,-,-,-,-,-,-,-
S3 Bucket Logging Disabled,-,/s3_with_all_permissions.tf,-,-,-,-,-,-,-,-,-,To Verify,MEDIUM,-,https://rel-candidate.perf.cxast.net/results/7a0c2bd5-b974-40a6-927a-88b54c562444/3534332e-7e18-446a-8446-de7e2bbd8027/kics?redirect=true&result-id=QEVKhKyembmgZhT694vUFEJe5oY%3D,NEW,11/07/2025 18:18,IaC,Terraform,Observability,'logging' should be defined and not null,'logging' is undefined or null,MissingAttribute,-,-,-,-,-,-,-,-,-,-,-,-,-,-
S3 Bucket Logging Disabled,-,/s3.tf,-,-,-,-,-,-,-,-,-,To Verify,MEDIUM,-,https://rel-candidate.perf.cxast.net/results/7a0c2bd5-b974-40a6-927a-88b54c562444/3534332e-7e18-446a-8446-de7e2bbd8027/kics?redirect=true&result-id=VBdHb0%2FlAVZZu%2FkV5GJ31dMs1TE%3D,NEW,11/07/2025 18:18,IaC,Terraform,Observability,'logging' should be defined and not null,'logging' is undefined or null,MissingAttribute,-,-,-,-,-,-,-,-,-,-,-,-,-,-
RDS Without Logging,-,/rds.tf,-,-,-,-,-,-,-,-,-,To Verify,MEDIUM,-,https://rel-candidate.perf.cxast.net/results/7a0c2bd5-b974-40a6-927a-88b54c562444/3534332e-7e18-446a-8446-de7e2bbd8027/kics?redirect=true&result-id=AIshwVmHlBWcCAX7Q44vYyLxT0g%3D,NEW,11/07/2025 18:18,IaC,Terraform,Observability,'enabled_cloudwatch_logs_exports' should be defined,'enabled_cloudwatch_logs_exports' is undefined,MissingAttribute,-,-,-,-,-,-,-,-,-,-,-,-,-,-
RDS With Backup Disabled,-,/rds.tf,-,-,-,-,-,-,-,-,-,To Verify,MEDIUM,-,https://rel-candidate.perf.cxast.net/results/7a0c2bd5-b974-40a6-927a-88b54c562444/3534332e-7e18-446a-8446-de7e2bbd8027/kics?redirect=true&result-id=upvuYM%2F3%2FUx%2B%2FGh2JHq9ukOlHtk%3D,NEW,11/07/2025 18:18,IaC,Terraform,Backup,"'backup_retention_period' should be defined, and bigger than '0'",'backup_retention_period' is not defined,MissingAttribute,-,-,-,-,-,-,-,-,-,-,-,-,-,-
Public Lambda via API Gateway,-,/lambda.tf,-,-,-,-,-,-,-,-,-,To Verify,MEDIUM,-,https://rel-candidate.perf.cxast.net/results/7a0c2bd5-b974-40a6-927a-88b54c562444/3534332e-7e18-446a-8446-de7e2bbd8027/kics?redirect=true&result-id=OataR2NXyQngoALnK8%2FmOuHLzTI%3D,NEW,11/07/2025 18:18,IaC,Terraform,Access Control,'source_arn' should not equal '/*/*','source_arn' is equal '/*/*',IncorrectValue,-,-,-,-,-,-,-,-,-,-,-,-,-,-
IAM Database Auth Not Enabled,-,/rds.tf,-,-,-,-,-,-,-,-,-,To Verify,MEDIUM,-,https://rel-candidate.perf.cxast.net/results/7a0c2bd5-b974-40a6-927a-88b54c562444/3534332e-7e18-446a-8446-de7e2bbd8027/kics?redirect=true&result-id=4dHVSEpPjWVgSwmYMMlhIj4jm%2B4%3D,NEW,11/07/2025 18:18,IaC,Terraform,Encryption,'iam_database_authentication_enabled' should be set to true,'iam_database_authentication_enabled' is undefined or null,MissingAttribute,-,-,-,-,-,-,-,-,-,-,-,-,-,-
ELBv2 LB Access Log Disabled,-,/infrostructure.tf,-,-,-,-,-,-,-,-,-,To Verify,MEDIUM,-,https://rel-candidate.perf.cxast.net/results/7a0c2bd5-b974-40a6-927a-88b54c562444/3534332e-7e18-446a-8446-de7e2bbd8027/kics?redirect=true&result-id=ATLpu3HKcTF0wxtbrMLsM7PWgsE%3D,NEW,11/07/2025 18:18,IaC,Terraform,Observability,'access_logs.enabled' should be defined and set to true,'access_logs' is undefined,MissingAttribute,-,-,-,-,-,-,-,-,-,-,-,-,-,-
EC2 Instance Monitoring Disabled,-,/infrostructure.tf,-,-,-,-,-,-,-,-,-,To Verify,MEDIUM,-,https://rel-candidate.perf.cxast.net/results/7a0c2bd5-b974-40a6-927a-88b54c562444/3534332e-7e18-446a-8446-de7e2bbd8027/kics?redirect=true&result-id=FE4WIBUSz3zr83VHpkD7YNI7SiA%3D,NEW,11/07/2025 18:18,IaC,Terraform,Observability,'monitoring' should be defined and not null,'monitoring' is undefined or null,MissingAttribute,-,-,-,-,-,-,-,-,-,-,-,-,-,-
EC2 Instance Has Public IP,-,/infrostructure.tf,-,-,-,-,-,-,-,-,-,To Verify,MEDIUM,-,https://rel-candidate.perf.cxast.net/results/7a0c2bd5-b974-40a6-927a-88b54c562444/3534332e-7e18-446a-8446-de7e2bbd8027/kics?redirect=true&result-id=Il7v9am8%2BqGm%2FXZbjIjVsU2ynvs%3D,NEW,11/07/2025 18:18,IaC,Terraform,Networking and Firewall,'associate_public_ip_address' should be defined and not null,'associate_public_ip_address' is undefined or null,MissingAttribute,-,-,-,-,-,-,-,-,-,-,-,-,-,-
Add Instead of Copy,-,/Dockerfile,-,-,-,-,-,-,-,-,-,To Verify,MEDIUM,-,https://rel-candidate.perf.cxast.net/results/7a0c2bd5-b974-40a6-927a-88b54c562444/3534332e-7e18-446a-8446-de7e2bbd8027/kics?redirect=true&result-id=CRVUpXqFC5hCkp1O0sXlYFiTIec%3D,NEW,11/07/2025 18:18,IaC,Dockerfile,Supply-Chain,'COPY' /usr/src/app/node_modules,'ADD' /usr/src/app/node_modules,IncorrectValue,-,-,-,-,-,-,-,-,-,-,-,-,-,-
ALB Not Dropping Invalid Headers,-,/infrostructure.tf,-,-,-,-,-,-,-,-,-,To Verify,MEDIUM,-,https://rel-candidate.perf.cxast.net/results/7a0c2bd5-b974-40a6-927a-88b54c562444/3534332e-7e18-446a-8446-de7e2bbd8027/kics?redirect=true&result-id=lefkbikMNDtaprkFDDmSXxsScBc%3D,NEW,11/07/2025 18:18,IaC,Terraform,Best Practices,aws_lb[{{front_end}}].drop_invalid_header_fields should be set to true,aws_lb[{{front_end}}].drop_invalid_header_fields is missing,MissingAttribute,-,-,-,-,-,-,-,-,-,-,-,-,-,-
ALB Listening on HTTP,-,/infrostructure.tf,-,-,-,-,-,-,-,-,-,To Verify,MEDIUM,-,https://rel-candidate.perf.cxast.net/results/7a0c2bd5-b974-40a6-927a-88b54c562444/3534332e-7e18-446a-8446-de7e2bbd8027/kics?redirect=true&result-id=aiLJ8et8Tk16GCPu8Ow%2BwUe4cdw%3D,NEW,11/07/2025 18:18,IaC,Terraform,Networking and Firewall,'default_action.redirect.protocol' should be equal to 'HTTPS','default_action.redirect.protocol' is equal 'HTTP',IncorrectValue,-,-,-,-,-,-,-,-,-,-,-,-,-,-
ALB Is Not Integrated With WAF,-,/infrostructure.tf,-,-,-,-,-,-,-,-,-,To Verify,MEDIUM,-,https://rel-candidate.perf.cxast.net/results/7a0c2bd5-b974-40a6-927a-88b54c562444/3534332e-7e18-446a-8446-de7e2bbd8027/kics?redirect=true&result-id=ua42XjyheZRsmDEpm0W3EFcz3Gc%3D,NEW,11/07/2025 18:18,IaC,Terraform,Networking and Firewall,'aws_lb[front_end]' should not be 'internal' and has a 'aws_wafregional_web_acl_association' associated,'aws_lb[front_end]' is not 'internal' and does not have a 'aws_wafregional_web_acl_association' associated,MissingAttribute,-,-,-,-,-,-,-,-,-,-,-,-,-,-
ALB Deletion Protection Disabled,-,/infrostructure.tf,-,-,-,-,-,-,-,-,-,To Verify,MEDIUM,-,https://rel-candidate.perf.cxast.net/results/7a0c2bd5-b974-40a6-927a-88b54c562444/3534332e-7e18-446a-8446-de7e2bbd8027/kics?redirect=true&result-id=FRH3rlds7Q9kjBwGPDATo2lqV70%3D,NEW,11/07/2025 18:18,IaC,Terraform,Insecure Configurations,'enable_deletion_protection' should be defined and set to true,'enable_deletion_protection' is undefined or null,MissingAttribute,-,-,-,-,-,-,-,-,-,-,-,-,-,-
Unpinned Actions Full Length Commit SHA,-,/.github/workflows/cx.yml,-,-,-,-,-,-,-,-,-,To Verify,LOW,-,https://rel-candidate.perf.cxast.net/results/7a0c2bd5-b974-40a6-927a-88b54c562444/3534332e-7e18-446a-8446-de7e2bbd8027/kics?redirect=true&result-id=NlXYoNei4%2BDRXfGhbkdoZiacX1c%3D,NEW,11/07/2025 18:18,IaC,CICD,Supply-Chain,Action pinned to a full length commit SHA.,Action is not pinned to a full length commit SHA.,IncorrectValue,-,-,-,-,-,-,-,-,-,-,-,-,-,-
Tags Not Copied to RDS Cluster Snapshot,-,/rds.tf,-,-,-,-,-,-,-,-,-,To Verify,LOW,-,https://rel-candidate.perf.cxast.net/results/7a0c2bd5-b974-40a6-927a-88b54c562444/3534332e-7e18-446a-8446-de7e2bbd8027/kics?redirect=true&result-id=61gcNFz8ILbm4zNLWY2lDjRthts%3D,NEW,11/07/2025 18:18,IaC,Terraform,Backup,'aws_db_instance[default].copy_tags_to_snapshot' should be defined to true,'aws_db_instance[default].copy_tags_to_snapshot' is not defined,MissingAttribute,-,-,-,-,-,-,-,-,-,-,-,-,-,-
Shield Advanced Not In Use,-,/infrostructure.tf,-,-,-,-,-,-,-,-,-,To Verify,LOW,-,https://rel-candidate.perf.cxast.net/results/7a0c2bd5-b974-40a6-927a-88b54c562444/3534332e-7e18-446a-8446-de7e2bbd8027/kics?redirect=true&result-id=P8%2BRNZ8Ms9siUpFHnvKEJWYSLR0%3D,NEW,11/07/2025 18:18,IaC,Terraform,Networking and Firewall,aws_lb has shield advanced associated,aws_lb does not have shield advanced associated,MissingAttribute,-,-,-,-,-,-,-,-,-,-,-,-,-,-
Shield Advanced Not In Use,-,/infrostructure.tf,-,-,-,-,-,-,-,-,-,To Verify,LOW,-,https://rel-candidate.perf.cxast.net/results/7a0c2bd5-b974-40a6-927a-88b54c562444/3534332e-7e18-446a-8446-de7e2bbd8027/kics?redirect=true&result-id=rU4L3Lr0DY2csee1GgF9ea1qEhU%3D,NEW,11/07/2025 18:18,IaC,Terraform,Networking and Firewall,aws_eip has shield advanced associated,aws_eip does not have shield advanced associated,MissingAttribute,-,-,-,-,-,-,-,-,-,-,-,-,-,-
S3 bucket notifications disabled,-,/Unsecure_Sensitive_data.tf,-,-,-,-,-,-,-,-,-,To Verify,LOW,-,https://rel-candidate.perf.cxast.net/results/7a0c2bd5-b974-40a6-927a-88b54c562444/3534332e-7e18-446a-8446-de7e2bbd8027/kics?redirect=true&result-id=coaSxCN4Wke4W8io9gi7r9O4sqk%3D,NEW,11/07/2025 18:18,IaC,Terraform,Observability,'aws_s3_bucket_notification' should be defined and not null,'aws_s3_bucket_notification' is undefined or null,MissingAttribute,-,-,-,-,-,-,-,-,-,-,-,-,-,-
S3 bucket notifications disabled,-,/sqs.tf,-,-,-,-,-,-,-,-,-,To Verify,LOW,-,https://rel-candidate.perf.cxast.net/results/7a0c2bd5-b974-40a6-927a-88b54c562444/3534332e-7e18-446a-8446-de7e2bbd8027/kics?redirect=true&result-id=NKyEokEUCn0iUyHX%2FLEZFEWmz8w%3D,NEW,11/07/2025 18:18,IaC,Terraform,Observability,'aws_s3_bucket_notification' should be defined and not null,'aws_s3_bucket_notification' is undefined or null,MissingAttribute,-,-,-,-,-,-,-,-,-,-,-,-,-,-
S3 bucket notifications disabled,-,/lambda.tf,-,-,-,-,-,-,-,-,-,To Verify,LOW,-,https://rel-candidate.perf.cxast.net/results/7a0c2bd5-b974-40a6-927a-88b54c562444/3534332e-7e18-446a-8446-de7e2bbd8027/kics?redirect=true&result-id=nKPJ%2FCXIZ0rpy5rfabfSd3WSwtU%3D,NEW,11/07/2025 18:18,IaC,Terraform,Observability,'aws_s3_bucket_notification' should be defined and not null,'aws_s3_bucket_notification' is undefined or null,MissingAttribute,-,-,-,-,-,-,-,-,-,-,-,-,-,-
Lambda Functions Without X-Ray Tracing,-,/lambda.tf,-,-,-,-,-,-,-,-,-,To Verify,LOW,-,https://rel-candidate.perf.cxast.net/results/7a0c2bd5-b974-40a6-927a-88b54c562444/3534332e-7e18-446a-8446-de7e2bbd8027/kics?redirect=true&result-id=7lDgTTV5WIRj0KvDQHzDPJ4WxK0%3D,NEW,11/07/2025 18:18,IaC,Terraform,Observability,aws_lambda_function[example].tracing_config should be defined and not null,aws_lambda_function[example].tracing_config is undefined or null,MissingAttribute,-,-,-,-,-,-,-,-,-,-,-,-,-,-
Lambda Function Without Dead Letter Queue,-,/lambda.tf,-,-,-,-,-,-,-,-,-,To Verify,LOW,-,https://rel-candidate.perf.cxast.net/results/7a0c2bd5-b974-40a6-927a-88b54c562444/3534332e-7e18-446a-8446-de7e2bbd8027/kics?redirect=true&result-id=cf7U1lHvzVaLPvcxkajrgMhCWw8%3D,NEW,11/07/2025 18:18,IaC,Terraform,Insecure Configurations,'aws_lambda_function[example].dead_letter_config' should be defined and not null,'aws_lambda_function[example].dead_letter_config' is undefined or null,MissingAttribute,-,-,-,-,-,-,-,-,-,-,-,-,-,-
Instance Uses Metadata Service IMDSv1,-,/infrostructure.tf,-,-,-,-,-,-,-,-,-,To Verify,LOW,-,https://rel-candidate.perf.cxast.net/results/7a0c2bd5-b974-40a6-927a-88b54c562444/3534332e-7e18-446a-8446-de7e2bbd8027/kics?redirect=true&result-id=Dc0MuVyjMGGkpOvdpI1tGJ5nlRk%3D,NEW,11/07/2025 18:18,IaC,Terraform,Insecure Configurations,'aws_instance[http].metadata_options' should be defined with 'http_tokens' field set to 'required','aws_instance[http].metadata_options' is not defined,MissingAttribute,-,-,-,-,-,-,-,-,-,-,-,-,-,-
IAM Access Analyzer Not Enabled,-,/sqs.tf,-,-,-,-,-,-,-,-,-,To Verify,LOW,-,https://rel-candidate.perf.cxast.net/results/7a0c2bd5-b974-40a6-927a-88b54c562444/3534332e-7e18-446a-8446-de7e2bbd8027/kics?redirect=true&result-id=SLpAmboo0oDu4nVcOarPMjoD4lM%3D,NEW,11/14/2025 10:32,IaC,Terraform,Best Practices,'aws_accessanalyzer_analyzer' should be set,'aws_accessanalyzer_analyzer' is undefined,MissingAttribute,-,-,-,-,-,-,-,-,-,-,-,-,-,-
IAM Access Analyzer Not Enabled,-,/lambda.tf,-,-,-,-,-,-,-,-,-,To Verify,LOW,-,https://rel-candidate.perf.cxast.net/results/7a0c2bd5-b974-40a6-927a-88b54c562444/3534332e-7e18-446a-8446-de7e2bbd8027/kics?redirect=true&result-id=cDPJOBKpObYapXOY%2B5EgP79aNt0%3D,NEW,11/14/2025 10:32,IaC,Terraform,Best Practices,'aws_accessanalyzer_analyzer' should be set,'aws_accessanalyzer_analyzer' is undefined,MissingAttribute,-,-,-,-,-,-,-,-,-,-,-,-,-,-
IAM Access Analyzer Not Enabled,-,/Unsecure_Sensitive_data.tf,-,-,-,-,-,-,-,-,-,To Verify,LOW,-,https://rel-candidate.perf.cxast.net/results/7a0c2bd5-b974-40a6-927a-88b54c562444/3534332e-7e18-446a-8446-de7e2bbd8027/kics?redirect=true&result-id=%2B12c1bWgBNNY7F8DwF5wkG0BK2g%3D,NEW,11/14/2025 10:32,IaC,Terraform,Best Practices,'aws_accessanalyzer_analyzer' should be set,'aws_accessanalyzer_analyzer' is undefined,MissingAttribute,-,-,-,-,-,-,-,-,-,-,-,-,-,-
IAM Access Analyzer Not Enabled,-,/rds.tf,-,-,-,-,-,-,-,-,-,To Verify,LOW,-,https://rel-candidate.perf.cxast.net/results/7a0c2bd5-b974-40a6-927a-88b54c562444/3534332e-7e18-446a-8446-de7e2bbd8027/kics?redirect=true&result-id=h16EowMEhozyh8xnki9l%2BGsdDOU%3D,NEW,11/07/2025 18:18,IaC,Terraform,Best Practices,'aws_accessanalyzer_analyzer' should be set,'aws_accessanalyzer_analyzer' is undefined,MissingAttribute,-,-,-,-,-,-,-,-,-,-,-,-,-,-
IAM Access Analyzer Not Enabled,-,/Unsecure_Storage_of_Encryption_Key.tf,-,-,-,-,-,-,-,-,-,To Verify,LOW,-,https://rel-candidate.perf.cxast.net/results/7a0c2bd5-b974-40a6-927a-88b54c562444/3534332e-7e18-446a-8446-de7e2bbd8027/kics?redirect=true&result-id=%2BR8rTkgbnbc69LmGsmd%2F07kBgC0%3D,NEW,11/07/2025 18:18,IaC,Terraform,Best Practices,'aws_accessanalyzer_analyzer' should be set,'aws_accessanalyzer_analyzer' is undefined,MissingAttribute,-,-,-,-,-,-,-,-,-,-,-,-,-,-
IAM Access Analyzer Not Enabled,-,/s3_with_all_permissions.tf,-,-,-,-,-,-,-,-,-,To Verify,LOW,-,https://rel-candidate.perf.cxast.net/results/7a0c2bd5-b974-40a6-927a-88b54c562444/3534332e-7e18-446a-8446-de7e2bbd8027/kics?redirect=true&result-id=IOgnoiQ1QP5zZA%2FBeNNSTmwhx8A%3D,NEW,11/07/2025 18:18,IaC,Terraform,Best Practices,'aws_accessanalyzer_analyzer' should be set,'aws_accessanalyzer_analyzer' is undefined,MissingAttribute,-,-,-,-,-,-,-,-,-,-,-,-,-,-
IAM Access Analyzer Not Enabled,-,/s3.tf,-,-,-,-,-,-,-,-,-,To Verify,LOW,-,https://rel-candidate.perf.cxast.net/results/7a0c2bd5-b974-40a6-927a-88b54c562444/3534332e-7e18-446a-8446-de7e2bbd8027/kics?redirect=true&result-id=m%2BrscW%2Fz5veDhEOfovOgFIawCO8%3D,NEW,11/07/2025 18:18,IaC,Terraform,Best Practices,'aws_accessanalyzer_analyzer' should be set,'aws_accessanalyzer_analyzer' is undefined,MissingAttribute,-,-,-,-,-,-,-,-,-,-,-,-,-,-
IAM Access Analyzer Not Enabled,-,/infrostructure.tf,-,-,-,-,-,-,-,-,-,To Verify,LOW,-,https://rel-candidate.perf.cxast.net/results/7a0c2bd5-b974-40a6-927a-88b54c562444/3534332e-7e18-446a-8446-de7e2bbd8027/kics?redirect=true&result-id=Z58f56DYnwfotL%2BTT1OxhZuLzbM%3D,NEW,11/14/2025 10:32,IaC,Terraform,Best Practices,'aws_accessanalyzer_analyzer' should be set,'aws_accessanalyzer_analyzer' is undefined,MissingAttribute,-,-,-,-,-,-,-,-,-,-,-,-,-,-
Healthcheck Instruction Missing,-,/Dockerfile,-,-,-,-,-,-,-,-,-,To Verify,LOW,-,https://rel-candidate.perf.cxast.net/results/7a0c2bd5-b974-40a6-927a-88b54c562444/3534332e-7e18-446a-8446-de7e2bbd8027/kics?redirect=true&result-id=B6Z7bRA512%2BNXSDi4OWYqMWbATU%3D,NEW,11/07/2025 18:18,IaC,Dockerfile,Insecure Configurations,Dockerfile should contain instruction 'HEALTHCHECK',Dockerfile doesn't contain instruction 'HEALTHCHECK',MissingAttribute,-,-,-,-,-,-,-,-,-,-,-,-,-,-
Exposing Port 22 (SSH),-,/Dockerfile,-,-,-,-,-,-,-,-,-,To Verify,LOW,-,https://rel-candidate.perf.cxast.net/results/7a0c2bd5-b974-40a6-927a-88b54c562444/3534332e-7e18-446a-8446-de7e2bbd8027/kics?redirect=true&result-id=pGfARMJF0gj%2Bif8NFygG0Xr%2F804%3D,NEW,11/07/2025 18:18,IaC,Dockerfile,Best Practices,'EXPOSE' shouldn't contain the port 22,'EXPOSE' contains the port 22,IncorrectValue,-,-,-,-,-,-,-,-,-,-,-,-,-,-
Chown Flag Exists,-,/Dockerfile,-,-,-,-,-,-,-,-,-,To Verify,LOW,-,https://rel-candidate.perf.cxast.net/results/7a0c2bd5-b974-40a6-927a-88b54c562444/3534332e-7e18-446a-8446-de7e2bbd8027/kics?redirect=true&result-id=YEmjpZ22e30Uogdp5B4ca9EUP%2BU%3D,NEW,11/07/2025 18:18,IaC,Dockerfile,Best Practices,The 'Dockerfile' shouldn´t contain the 'chown' flag,The 'Dockerfile' contains the 'chown' flag,IncorrectValue,-,-,-,-,-,-,-,-,-,-,-,-,-,-
AWS EIP not attached to any instance,-,/infrostructure.tf,-,-,-,-,-,-,-,-,-,To Verify,LOW,-,https://rel-candidate.perf.cxast.net/results/7a0c2bd5-b974-40a6-927a-88b54c562444/3534332e-7e18-446a-8446-de7e2bbd8027/kics?redirect=true&result-id=RrL20vr7huTaSyxpphyL9e9j808%3D,NEW,11/07/2025 18:18,IaC,Terraform,Resource Management,All EIPs should be attached,EIP is not attached,MissingAttribute,-,-,-,-,-,-,-,-,-,-,-,-,-,-
-,-,-,-,-,-,-,-,-,-,-,-,To Verify,HIGH,-,https://rel-candidate.perf.cxast.net/results/3534332e-7e18-446a-8446-de7e2bbd8027/7a0c2bd5-b974-40a6-927a-88b54c562444/sca?internalPath=%2Fvulnerabilities%2FCVE-2022-45689:Maven-org.json:json-20131018%2FvulnerabilityDetailsGql,NEW,03/27/2026 16:04,SCA,-,-,-,-,-,org.json:json,Maven-org.json:json-20131018,20131018,CWE-787,CVE-2022-45689,-,-,-,-,-,-,-,-,-
-,-,-,-,-,-,-,-,-,-,-,-,To Verify,HIGH,-,https://rel-candidate.perf.cxast.net/results/3534332e-7e18-446a-8446-de7e2bbd8027/7a0c2bd5-b974-40a6-927a-88b54c562444/sca?internalPath=%2Fvulnerabilities%2FCVE-2021-41079:Maven-org.apache.tomcat:tomcat-coyote-9.0.22%2FvulnerabilityDetailsGql,NEW,03/27/2026 16:04,SCA,-,-,-,-,-,org.apache.tomcat:tomcat-coyote,Maven-org.apache.tomcat:tomcat-coyote-9.0.22,9.0.22,CWE-835,CVE-2021-41079,-,-,-,-,-,-,-,-,-
-,-,-,-,-,-,-,-,-,-,-,-,To Verify,HIGH,-,https://rel-candidate.perf.cxast.net/results/3534332e-7e18-446a-8446-de7e2bbd8027/7a0c2bd5-b974-40a6-927a-88b54c562444/sca?internalPath=%2Fvulnerabilities%2FCVE-2025-53506:Maven-org.apache.tomcat:tomcat-coyote-9.0.22%2FvulnerabilityDetailsGql,NEW,03/27/2026 16:04,SCA,-,-,-,-,-,org.apache.tomcat:tomcat-coyote,Maven-org.apache.tomcat:tomcat-coyote-9.0.22,9.0.22,CWE-400,CVE-2025-53506,-,-,-,-,-,-,-,-,-
-,-,-,-,-,-,-,-,-,-,-,-,To Verify,HIGH,-,https://rel-candidate.perf.cxast.net/results/3534332e-7e18-446a-8446-de7e2bbd8027/7a0c2bd5-b974-40a6-927a-88b54c562444/sca?internalPath=%2Fvulnerabilities%2FCVE-2022-42252:Maven-org.apache.tomcat:tomcat-coyote-9.0.22%2FvulnerabilityDetailsGql,NEW,03/27/2026 16:04,SCA,-,-,-,-,-,org.apache.tomcat:tomcat-coyote,Maven-org.apache.tomcat:tomcat-coyote-9.0.22,9.0.22,CWE-444,CVE-2022-42252,-,-,-,-,-,-,-,-,-
-,-,-,-,-,-,-,-,-,-,-,-,To Verify,HIGH,-,https://rel-candidate.perf.cxast.net/results/3534332e-7e18-446a-8446-de7e2bbd8027/7a0c2bd5-b974-40a6-927a-88b54c562444/sca?internalPath=%2Fvulnerabilities%2FCVE-2023-24998:Maven-org.apache.tomcat:tomcat-coyote-9.0.22%2FvulnerabilityDetailsGql,NEW,03/27/2026 16:04,SCA,-,-,-,-,-,org.apache.tomcat:tomcat-coyote,Maven-org.apache.tomcat:tomcat-coyote-9.0.22,9.0.22,CWE-770,CVE-2023-24998,-,-,-,-,-,-,-,-,-
-,-,-,-,-,-,-,-,-,-,-,-,To Verify,HIGH,-,https://rel-candidate.perf.cxast.net/results/3534332e-7e18-446a-8446-de7e2bbd8027/7a0c2bd5-b974-40a6-927a-88b54c562444/sca?internalPath=%2Fvulnerabilities%2FCVE-2018-3258:Maven-mysql:mysql-connector-java-5.1.26%2FvulnerabilityDetailsGql,NEW,03/27/2026 10:18,SCA,-,-,-,-,-,mysql:mysql-connector-java,Maven-mysql:mysql-connector-java-5.1.26,5.1.26,CWE-20,CVE-2018-3258,-,-,-,-,-,-,-,-,-
-,-,-,-,-,-,-,-,-,-,-,-,To Verify,HIGH,-,https://rel-candidate.perf.cxast.net/results/3534332e-7e18-446a-8446-de7e2bbd8027/7a0c2bd5-b974-40a6-927a-88b54c562444/sca?internalPath=%2Fvulnerabilities%2FCVE-2023-44487:Maven-org.apache.tomcat:tomcat-coyote-9.0.22%2FvulnerabilityDetailsGql,NEW,03/27/2026 16:04,SCA,-,-,-,-,-,org.apache.tomcat:tomcat-coyote,Maven-org.apache.tomcat:tomcat-coyote-9.0.22,9.0.22,CWE-400,CVE-2023-44487,-,-,-,-,-,-,-,-,-
-,-,-,-,-,-,-,-,-,-,-,-,To Verify,HIGH,-,https://rel-candidate.perf.cxast.net/results/3534332e-7e18-446a-8446-de7e2bbd8027/7a0c2bd5-b974-40a6-927a-88b54c562444/sca?internalPath=%2Fvulnerabilities%2FCx2906ba70-607a:Maven-org.json:json-20131018%2FvulnerabilityDetailsGql,NEW,03/27/2026 16:04,SCA,-,-,-,-,-,org.json:json,Maven-org.json:json-20131018,20131018,CWE-74,Cx2906ba70-607a,-,-,-,-,-,-,-,-,-
-,-,-,-,-,-,-,-,-,-,-,-,To Verify,HIGH,-,https://rel-candidate.perf.cxast.net/results/3534332e-7e18-446a-8446-de7e2bbd8027/7a0c2bd5-b974-40a6-927a-88b54c562444/sca?internalPath=%2Fvulnerabilities%2FCx08fcacc9-cb99:Maven-org.json:json-20131018%2FvulnerabilityDetailsGql,NEW,03/27/2026 16:04,SCA,-,-,-,-,-,org.json:json,Maven-org.json:json-20131018,20131018,CWE-248,Cx08fcacc9-cb99,-,-,-,-,-,-,-,-,-
-,-,-,-,-,-,-,-,-,-,-,-,To Verify,HIGH,-,https://rel-candidate.perf.cxast.net/results/3534332e-7e18-446a-8446-de7e2bbd8027/7a0c2bd5-b974-40a6-927a-88b54c562444/sca?internalPath=%2Fvulnerabilities%2FCVE-2024-24549:Maven-org.apache.tomcat:tomcat-coyote-9.0.22%2FvulnerabilityDetailsGql,NEW,03/27/2026 16:04,SCA,-,-,-,-,-,org.apache.tomcat:tomcat-coyote,Maven-org.apache.tomcat:tomcat-coyote-9.0.22,9.0.22,CWE-20,CVE-2024-24549,-,-,-,-,-,-,-,-,-
-,-,-,-,-,-,-,-,-,-,-,-,To Verify,HIGH,-,https://rel-candidate.perf.cxast.net/results/3534332e-7e18-446a-8446-de7e2bbd8027/7a0c2bd5-b974-40a6-927a-88b54c562444/sca?internalPath=%2Fvulnerabilities%2FCVE-2024-34750:Maven-org.apache.tomcat:tomcat-coyote-9.0.22%2FvulnerabilityDetailsGql,NEW,03/27/2026 16:04,SCA,-,-,-,-,-,org.apache.tomcat:tomcat-coyote,Maven-org.apache.tomcat:tomcat-coyote-9.0.22,9.0.22,CWE-400,CVE-2024-34750,-,-,-,-,-,-,-,-,-
-,-,-,-,-,-,-,-,-,-,-,-,To Verify,HIGH,-,https://rel-candidate.perf.cxast.net/results/3534332e-7e18-446a-8446-de7e2bbd8027/7a0c2bd5-b974-40a6-927a-88b54c562444/sca?internalPath=%2Fvulnerabilities%2FCVE-2024-38286:Maven-org.apache.tomcat:tomcat-coyote-9.0.22%2FvulnerabilityDetailsGql,NEW,03/27/2026 16:04,SCA,-,-,-,-,-,org.apache.tomcat:tomcat-coyote,Maven-org.apache.tomcat:tomcat-coyote-9.0.22,9.0.22,CWE-770,CVE-2024-38286,-,-,-,-,-,-,-,-,-
-,-,-,-,-,-,-,-,-,-,-,-,To Verify,HIGH,-,https://rel-candidate.perf.cxast.net/results/3534332e-7e18-446a-8446-de7e2bbd8027/7a0c2bd5-b974-40a6-927a-88b54c562444/sca?internalPath=%2Fvulnerabilities%2FCVE-2025-48989:Maven-org.apache.tomcat:tomcat-coyote-9.0.22%2FvulnerabilityDetailsGql,NEW,03/27/2026 16:04,SCA,-,-,-,-,-,org.apache.tomcat:tomcat-coyote,Maven-org.apache.tomcat:tomcat-coyote-9.0.22,9.0.22,CWE-404,CVE-2025-48989,-,-,-,-,-,-,-,-,-
-,-,-,-,-,-,-,-,-,-,-,-,To Verify,HIGH,-,https://rel-candidate.perf.cxast.net/results/3534332e-7e18-446a-8446-de7e2bbd8027/7a0c2bd5-b974-40a6-927a-88b54c562444/sca?internalPath=%2Fvulnerabilities%2FCVE-2025-52434:Maven-org.apache.tomcat:tomcat-coyote-9.0.22%2FvulnerabilityDetailsGql,NEW,03/27/2026 16:04,SCA,-,-,-,-,-,org.apache.tomcat:tomcat-coyote,Maven-org.apache.tomcat:tomcat-coyote-9.0.22,9.0.22,CWE-362,CVE-2025-52434,-,-,-,-,-,-,-,-,-
-,-,-,-,-,-,-,-,-,-,-,-,To Verify,HIGH,-,https://rel-candidate.perf.cxast.net/results/3534332e-7e18-446a-8446-de7e2bbd8027/7a0c2bd5-b974-40a6-927a-88b54c562444/sca?internalPath=%2Fvulnerabilities%2FCVE-2022-45688:Maven-org.json:json-20131018%2FvulnerabilityDetailsGql,NEW,03/27/2026 16:04,SCA,-,-,-,-,-,org.json:json,Maven-org.json:json-20131018,20131018,CWE-787,CVE-2022-45688,-,-,-,-,-,-,-,-,-
-,-,-,-,-,-,-,-,-,-,-,-,To Verify,HIGH,-,https://rel-candidate.perf.cxast.net/results/3534332e-7e18-446a-8446-de7e2bbd8027/7a0c2bd5-b974-40a6-927a-88b54c562444/sca?internalPath=%2Fvulnerabilities%2FCx78f40514-81ff:Maven-commons-collections:commons-collections-3.2.1%2FvulnerabilityDetailsGql,NEW,03/02/2026 17:35,SCA,-,-,-,-,-,commons-collections:commons-collections,Maven-commons-collections:commons-collections-3.2.1,3.2.1,CWE-674,Cx78f40514-81ff,-,-,-,-,-,-,-,-,-
-,-,-,-,-,-,-,-,-,-,-,-,To Verify,HIGH,-,https://rel-candidate.perf.cxast.net/results/3534332e-7e18-446a-8446-de7e2bbd8027/7a0c2bd5-b974-40a6-927a-88b54c562444/sca?internalPath=%2Fvulnerabilities%2FCVE-2018-1000632:Maven-dom4j:dom4j-1.6.1%2FvulnerabilityDetailsGql,NEW,01/12/2026 16:27,SCA,-,-,-,-,-,dom4j:dom4j,Maven-dom4j:dom4j-1.6.1,1.6.1,CWE-91,CVE-2018-1000632,-,-,-,-,-,-,-,-,-
-,-,-,-,-,-,-,-,-,-,-,-,To Verify,HIGH,-,https://rel-candidate.perf.cxast.net/results/3534332e-7e18-446a-8446-de7e2bbd8027/7a0c2bd5-b974-40a6-927a-88b54c562444/sca?internalPath=%2Fvulnerabilities%2FCVE-2023-5072:Maven-org.json:json-20131018%2FvulnerabilityDetailsGql,NEW,03/27/2026 16:04,SCA,-,-,-,-,-,org.json:json,Maven-org.json:json-20131018,20131018,CWE-770,CVE-2023-5072,-,-,-,-,-,-,-,-,-
-,-,-,-,-,-,-,-,-,-,-,-,To Verify,HIGH,-,https://rel-candidate.perf.cxast.net/results/3534332e-7e18-446a-8446-de7e2bbd8027/7a0c2bd5-b974-40a6-927a-88b54c562444/sca?internalPath=%2Fvulnerabilities%2FCVE-2023-22102:Maven-mysql:mysql-connector-java-5.1.26%2FvulnerabilityDetailsGql,NEW,03/06/2026 17:23,SCA,-,-,-,-,-,mysql:mysql-connector-java,Maven-mysql:mysql-connector-java-5.1.26,5.1.26,CWE-287,CVE-2023-22102,-,-,-,-,-,-,-,-,-
-,-,-,-,-,-,-,-,-,-,-,-,To Verify,HIGH,-,https://rel-candidate.perf.cxast.net/results/3534332e-7e18-446a-8446-de7e2bbd8027/7a0c2bd5-b974-40a6-927a-88b54c562444/sca?internalPath=%2Fvulnerabilities%2FCx039cb67c-ead3:Maven-mysql:mysql-connector-java-5.1.26%2FvulnerabilityDetailsGql,NEW,03/27/2026 10:18,SCA,-,-,-,-,-,mysql:mysql-connector-java,Maven-mysql:mysql-connector-java-5.1.26,5.1.26,CWE-401,Cx039cb67c-ead3,-,-,-,-,-,-,-,-,-
-,-,-,-,-,-,-,-,-,-,-,-,To Verify,HIGH,-,https://rel-candidate.perf.cxast.net/results/3534332e-7e18-446a-8446-de7e2bbd8027/7a0c2bd5-b974-40a6-927a-88b54c562444/sca?internalPath=%2Fvulnerabilities%2FCx6f651376-312a:Maven-mysql:mysql-connector-java-5.1.26%2FvulnerabilityDetailsGql,NEW,03/27/2026 10:18,SCA,-,-,-,-,-,mysql:mysql-connector-java,Maven-mysql:mysql-connector-java-5.1.26,5.1.26,CWE-401,Cx6f651376-312a,-,-,-,-,-,-,-,-,-
-,-,-,-,-,-,-,-,-,-,-,-,To Verify,HIGH,-,https://rel-candidate.perf.cxast.net/results/3534332e-7e18-446a-8446-de7e2bbd8027/7a0c2bd5-b974-40a6-927a-88b54c562444/sca?internalPath=%2Fvulnerabilities%2FCx7ef609d2-efb5:Maven-mysql:mysql-connector-java-5.1.26%2FvulnerabilityDetailsGql,NEW,03/27/2026 10:18,SCA,-,-,-,-,-,mysql:mysql-connector-java,Maven-mysql:mysql-connector-java-5.1.26,5.1.26,CWE-772,Cx7ef609d2-efb5,-,-,-,-,-,-,-,-,-
-,-,-,-,-,-,-,-,-,-,-,-,To Verify,HIGH,-,https://rel-candidate.perf.cxast.net/results/3534332e-7e18-446a-8446-de7e2bbd8027/7a0c2bd5-b974-40a6-927a-88b54c562444/sca?internalPath=%2Fvulnerabilities%2FCVE-2022-45690:Maven-org.json:json-20131018%2FvulnerabilityDetailsGql,NEW,03/27/2026 16:04,SCA,-,-,-,-,-,org.json:json,Maven-org.json:json-20131018,20131018,CWE-787,CVE-2022-45690,-,-,-,-,-,-,-,-,-
-,-,-,-,-,-,-,-,-,-,-,-,To Verify,HIGH,-,https://rel-candidate.perf.cxast.net/results/3534332e-7e18-446a-8446-de7e2bbd8027/7a0c2bd5-b974-40a6-927a-88b54c562444/sca?internalPath=%2Fvulnerabilities%2FCVE-2020-11996:Maven-org.apache.tomcat:tomcat-coyote-9.0.22%2FvulnerabilityDetailsGql,NEW,03/27/2026 16:04,SCA,-,-,-,-,-,org.apache.tomcat:tomcat-coyote,Maven-org.apache.tomcat:tomcat-coyote-9.0.22,9.0.22,CWE-400,CVE-2020-11996,-,-,-,-,-,-,-,-,-
-,-,-,-,-,-,-,-,-,-,-,-,To Verify,HIGH,-,https://rel-candidate.perf.cxast.net/results/3534332e-7e18-446a-8446-de7e2bbd8027/7a0c2bd5-b974-40a6-927a-88b54c562444/sca?internalPath=%2Fvulnerabilities%2FCVE-2020-13934:Maven-org.apache.tomcat:tomcat-coyote-9.0.22%2FvulnerabilityDetailsGql,NEW,03/27/2026 16:04,SCA,-,-,-,-,-,org.apache.tomcat:tomcat-coyote,Maven-org.apache.tomcat:tomcat-coyote-9.0.22,9.0.22,CWE-401,CVE-2020-13934,-,-,-,-,-,-,-,-,-
-,-,-,-,-,-,-,-,-,-,-,-,To Verify,HIGH,-,https://rel-candidate.perf.cxast.net/results/3534332e-7e18-446a-8446-de7e2bbd8027/7a0c2bd5-b974-40a6-927a-88b54c562444/sca?internalPath=%2Fvulnerabilities%2FCVE-2017-3523:Maven-mysql:mysql-connector-java-5.1.26%2FvulnerabilityDetailsGql,NEW,03/27/2026 10:18,SCA,-,-,-,-,-,mysql:mysql-connector-java,Maven-mysql:mysql-connector-java-5.1.26,5.1.26,CWE-284,CVE-2017-3523,-,-,-,-,-,-,-,-,-
-,-,-,-,-,-,-,-,-,-,-,-,To Verify,HIGH,-,https://rel-candidate.perf.cxast.net/results/3534332e-7e18-446a-8446-de7e2bbd8027/7a0c2bd5-b974-40a6-927a-88b54c562444/sca?internalPath=%2Fvulnerabilities%2FCVE-2020-17527:Maven-org.apache.tomcat:tomcat-coyote-9.0.22%2FvulnerabilityDetailsGql,NEW,03/27/2026 16:04,SCA,-,-,-,-,-,org.apache.tomcat:tomcat-coyote,Maven-org.apache.tomcat:tomcat-coyote-9.0.22,9.0.22,CWE-200,CVE-2020-17527,-,-,-,-,-,-,-,-,-
-,-,-,-,-,-,-,-,-,-,-,-,To Verify,HIGH,-,https://rel-candidate.perf.cxast.net/results/3534332e-7e18-446a-8446-de7e2bbd8027/7a0c2bd5-b974-40a6-927a-88b54c562444/sca?internalPath=%2Fvulnerabilities%2FCxdb5a1032-eda2:Maven-org.json:json-20131018%2FvulnerabilityDetailsGql,NEW,03/27/2026 16:04,SCA,-,-,-,-,-,org.json:json,Maven-org.json:json-20131018,20131018,CWE-835,Cxdb5a1032-eda2,-,-,-,-,-,-,-,-,-
-,-,-,-,-,-,-,-,-,-,-,-,To Verify,HIGH,-,https://rel-candidate.perf.cxast.net/results/3534332e-7e18-446a-8446-de7e2bbd8027/7a0c2bd5-b974-40a6-927a-88b54c562444/sca?internalPath=%2Fvulnerabilities%2FCVE-2020-25638:Maven-org.hibernate:hibernate-core-4.0.1.Final%2FvulnerabilityDetailsGql,NEW,03/27/2026 10:18,SCA,-,-,-,-,-,org.hibernate:hibernate-core,Maven-org.hibernate:hibernate-core-4.0.1.Final,4.0.1.Final,CWE-89,CVE-2020-25638,-,-,-,-,-,-,-,-,-
-,-,-,-,-,-,-,-,-,-,-,-,To Verify,HIGH,-,https://rel-candidate.perf.cxast.net/results/3534332e-7e18-446a-8446-de7e2bbd8027/7a0c2bd5-b974-40a6-927a-88b54c562444/sca?internalPath=%2Fvulnerabilities%2FCVE-2021-25122:Maven-org.apache.tomcat:tomcat-coyote-9.0.22%2FvulnerabilityDetailsGql,NEW,03/27/2026 16:04,SCA,-,-,-,-,-,org.apache.tomcat:tomcat-coyote,Maven-org.apache.tomcat:tomcat-coyote-9.0.22,9.0.22,CWE-200,CVE-2021-25122,-,-,-,-,-,-,-,-,-
-,-,-,-,-,-,-,-,-,-,-,-,To Verify,HIGH,-,https://rel-candidate.perf.cxast.net/results/3534332e-7e18-446a-8446-de7e2bbd8027/7a0c2bd5-b974-40a6-927a-88b54c562444/sca?internalPath=%2Fvulnerabilities%2FCVE-2021-30639:Maven-org.apache.tomcat:tomcat-coyote-9.0.22%2FvulnerabilityDetailsGql,NEW,03/28/2026 05:41,SCA,-,-,-,-,-,org.apache.tomcat:tomcat-coyote,Maven-org.apache.tomcat:tomcat-coyote-9.0.22,9.0.22,CWE-755,CVE-2021-30639,-,-,-,-,-,-,-,-,-
-,-,-,-,-,-,-,-,-,-,-,-,To Verify,MEDIUM,-,https://rel-candidate.perf.cxast.net/results/3534332e-7e18-446a-8446-de7e2bbd8027/7a0c2bd5-b974-40a6-927a-88b54c562444/sca?internalPath=%2Fvulnerabilities%2FCxf0b588a3-5c6f:Npm-jquery-1.6.4%2FvulnerabilityDetailsGql,NEW,03/27/2026 16:04,SCA,-,-,-,-,-,jquery,Npm-jquery-1.6.4,1.6.4,CWE-79,Cxf0b588a3-5c6f,-,-,-,-,-,-,-,-,-
-,-,-,-,-,-,-,-,-,-,-,-,To Verify,MEDIUM,-,https://rel-candidate.perf.cxast.net/results/3534332e-7e18-446a-8446-de7e2bbd8027/7a0c2bd5-b974-40a6-927a-88b54c562444/sca?internalPath=%2Fvulnerabilities%2FCVE-2017-3586:Maven-mysql:mysql-connector-java-5.1.26%2FvulnerabilityDetailsGql,NEW,03/27/2026 10:18,SCA,-,-,-,-,-,mysql:mysql-connector-java,Maven-mysql:mysql-connector-java-5.1.26,5.1.26,CWE-284,CVE-2017-3586,-,-,-,-,-,-,-,-,-
-,-,-,-,-,-,-,-,-,-,-,-,To Verify,MEDIUM,-,https://rel-candidate.perf.cxast.net/results/3534332e-7e18-446a-8446-de7e2bbd8027/7a0c2bd5-b974-40a6-927a-88b54c562444/sca?internalPath=%2Fvulnerabilities%2FCVE-2019-2692:Maven-mysql:mysql-connector-java-5.1.26%2FvulnerabilityDetailsGql,NEW,03/27/2026 10:18,SCA,-,-,-,-,-,mysql:mysql-connector-java,Maven-mysql:mysql-connector-java-5.1.26,5.1.26,CWE-20,CVE-2019-2692,-,-,-,-,-,-,-,-,-
-,-,-,-,-,-,-,-,-,-,-,-,To Verify,MEDIUM,-,https://rel-candidate.perf.cxast.net/results/3534332e-7e18-446a-8446-de7e2bbd8027/7a0c2bd5-b974-40a6-927a-88b54c562444/sca?internalPath=%2Fvulnerabilities%2FCVE-2020-2875:Maven-mysql:mysql-connector-java-5.1.26%2FvulnerabilityDetailsGql,NEW,03/27/2026 10:18,SCA,-,-,-,-,-,mysql:mysql-connector-java,Maven-mysql:mysql-connector-java-5.1.26,5.1.26,CWE-284,CVE-2020-2875,-,-,-,-,-,-,-,-,-
-,-,-,-,-,-,-,-,-,-,-,-,To Verify,MEDIUM,-,https://rel-candidate.perf.cxast.net/results/3534332e-7e18-446a-8446-de7e2bbd8027/7a0c2bd5-b974-40a6-927a-88b54c562444/sca?internalPath=%2Fvulnerabilities%2FCVE-2020-2934:Maven-mysql:mysql-connector-java-5.1.26%2FvulnerabilityDetailsGql,NEW,03/27/2026 10:18,SCA,-,-,-,-,-,mysql:mysql-connector-java,Maven-mysql:mysql-connector-java-5.1.26,5.1.26,CWE-400,CVE-2020-2934,-,-,-,-,-,-,-,-,-
-,-,-,-,-,-,-,-,-,-,-,-,To Verify,MEDIUM,-,https://rel-candidate.perf.cxast.net/results/3534332e-7e18-446a-8446-de7e2bbd8027/7a0c2bd5-b974-40a6-927a-88b54c562444/sca?internalPath=%2Fvulnerabilities%2FCVE-2021-2471:Maven-mysql:mysql-connector-java-5.1.26%2FvulnerabilityDetailsGql,NEW,03/27/2026 10:18,SCA,-,-,-,-,-,mysql:mysql-connector-java,Maven-mysql:mysql-connector-java-5.1.26,5.1.26,CWE-611,CVE-2021-2471,-,-,-,-,-,-,-,-,-
-,-,-,-,-,-,-,-,-,-,-,-,To Verify,MEDIUM,-,https://rel-candidate.perf.cxast.net/results/3534332e-7e18-446a-8446-de7e2bbd8027/7a0c2bd5-b974-40a6-927a-88b54c562444/sca?internalPath=%2Fvulnerabilities%2FCVE-2022-21363:Maven-mysql:mysql-connector-java-5.1.26%2FvulnerabilityDetailsGql,NEW,03/27/2026 10:18,SCA,-,-,-,-,-,mysql:mysql-connector-java,Maven-mysql:mysql-connector-java-5.1.26,5.1.26,CWE-20,CVE-2022-21363,-,-,-,-,-,-,-,-,-
-,-,-,-,-,-,-,-,-,-,-,-,To Verify,MEDIUM,-,https://rel-candidate.perf.cxast.net/results/3534332e-7e18-446a-8446-de7e2bbd8027/7a0c2bd5-b974-40a6-927a-88b54c562444/sca?internalPath=%2Fvulnerabilities%2FCVE-2019-17569:Maven-org.apache.tomcat:tomcat-coyote-9.0.22%2FvulnerabilityDetailsGql,NEW,03/27/2026 16:04,SCA,-,-,-,-,-,org.apache.tomcat:tomcat-coyote,Maven-org.apache.tomcat:tomcat-coyote-9.0.22,9.0.22,CWE-444,CVE-2019-17569,-,-,-,-,-,-,-,-,-
-,-,-,-,-,-,-,-,-,-,-,-,To Verify,MEDIUM,-,https://rel-candidate.perf.cxast.net/results/3534332e-7e18-446a-8446-de7e2bbd8027/7a0c2bd5-b974-40a6-927a-88b54c562444/sca?internalPath=%2Fvulnerabilities%2FCVE-2020-13943:Maven-org.apache.tomcat:tomcat-coyote-9.0.22%2FvulnerabilityDetailsGql,NEW,03/27/2026 16:04,SCA,-,-,-,-,-,org.apache.tomcat:tomcat-coyote,Maven-org.apache.tomcat:tomcat-coyote-9.0.22,9.0.22,CWE-200,CVE-2020-13943,-,-,-,-,-,-,-,-,-
-,-,-,-,-,-,-,-,-,-,-,-,To Verify,MEDIUM,-,https://rel-candidate.perf.cxast.net/results/3534332e-7e18-446a-8446-de7e2bbd8027/7a0c2bd5-b974-40a6-927a-88b54c562444/sca?internalPath=%2Fvulnerabilities%2FCVE-2020-1935:Maven-org.apache.tomcat:tomcat-coyote-9.0.22%2FvulnerabilityDetailsGql,NEW,03/28/2026 05:41,SCA,-,-,-,-,-,org.apache.tomcat:tomcat-coyote,Maven-org.apache.tomcat:tomcat-coyote-9.0.22,9.0.22,CWE-444,CVE-2020-1935,-,-,-,-,-,-,-,-,-
-,-,-,-,-,-,-,-,-,-,-,-,To Verify,MEDIUM,-,https://rel-candidate.perf.cxast.net/results/3534332e-7e18-446a-8446-de7e2bbd8027/7a0c2bd5-b974-40a6-927a-88b54c562444/sca?internalPath=%2Fvulnerabilities%2FCVE-2021-33037:Maven-org.apache.tomcat:tomcat-coyote-9.0.22%2FvulnerabilityDetailsGql,NEW,03/27/2026 16:04,SCA,-,-,-,-,-,org.apache.tomcat:tomcat-coyote,Maven-org.apache.tomcat:tomcat-coyote-9.0.22,9.0.22,CWE-444,CVE-2021-33037,-,-,-,-,-,-,-,-,-
-,-,-,-,-,-,-,-,-,-,-,-,To Verify,MEDIUM,-,https://rel-candidate.perf.cxast.net/results/3534332e-7e18-446a-8446-de7e2bbd8027/7a0c2bd5-b974-40a6-927a-88b54c562444/sca?internalPath=%2Fvulnerabilities%2FCVE-2023-42795:Maven-org.apache.tomcat:tomcat-coyote-9.0.22%2FvulnerabilityDetailsGql,NEW,03/27/2026 16:04,SCA,-,-,-,-,-,org.apache.tomcat:tomcat-coyote,Maven-org.apache.tomcat:tomcat-coyote-9.0.22,9.0.22,CWE-459,CVE-2023-42795,-,-,-,-,-,-,-,-,-
-,-,-,-,-,-,-,-,-,-,-,-,To Verify,MEDIUM,-,https://rel-candidate.perf.cxast.net/results/3534332e-7e18-446a-8446-de7e2bbd8027/7a0c2bd5-b974-40a6-927a-88b54c562444/sca?internalPath=%2Fvulnerabilities%2FCVE-2023-45648:Maven-org.apache.tomcat:tomcat-coyote-9.0.22%2FvulnerabilityDetailsGql,NEW,03/27/2026 16:04,SCA,-,-,-,-,-,org.apache.tomcat:tomcat-coyote,Maven-org.apache.tomcat:tomcat-coyote-9.0.22,9.0.22,CWE-20,CVE-2023-45648,-,-,-,-,-,-,-,-,-
-,-,-,-,-,-,-,-,-,-,-,-,To Verify,MEDIUM,-,https://rel-candidate.perf.cxast.net/results/3534332e-7e18-446a-8446-de7e2bbd8027/7a0c2bd5-b974-40a6-927a-88b54c562444/sca?internalPath=%2Fvulnerabilities%2FCVE-2024-21733:Maven-org.apache.tomcat:tomcat-coyote-9.0.22%2FvulnerabilityDetailsGql,NEW,03/27/2026 16:04,SCA,-,-,-,-,-,org.apache.tomcat:tomcat-coyote,Maven-org.apache.tomcat:tomcat-coyote-9.0.22,9.0.22,CWE-209,CVE-2024-21733,-,-,-,-,-,-,-,-,-
-,-,-,-,-,-,-,-,-,-,-,-,To Verify,MEDIUM,-,https://rel-candidate.perf.cxast.net/results/3534332e-7e18-446a-8446-de7e2bbd8027/7a0c2bd5-b974-40a6-927a-88b54c562444/sca?internalPath=%2Fvulnerabilities%2FCVE-2025-66614:Maven-org.apache.tomcat:tomcat-coyote-9.0.22%2FvulnerabilityDetailsGql,NEW,03/27/2026 16:04,SCA,-,-,-,-,-,org.apache.tomcat:tomcat-coyote,Maven-org.apache.tomcat:tomcat-coyote-9.0.22,9.0.22,CWE-20,CVE-2025-66614,-,-,-,-,-,-,-,-,-
-,-,-,-,-,-,-,-,-,-,-,-,To Verify,MEDIUM,-,https://rel-candidate.perf.cxast.net/results/3534332e-7e18-446a-8446-de7e2bbd8027/7a0c2bd5-b974-40a6-927a-88b54c562444/sca?internalPath=%2Fvulnerabilities%2FCVE-2023-42795:Maven-org.apache.tomcat:tomcat-util-9.0.22%2FvulnerabilityDetailsGql,NEW,03/27/2026 16:04,SCA,-,-,-,-,-,org.apache.tomcat:tomcat-util,Maven-org.apache.tomcat:tomcat-util-9.0.22,9.0.22,CWE-459,CVE-2023-42795,-,-,-,-,-,-,-,-,-
-,-,-,-,-,-,-,-,-,-,-,-,To Verify,MEDIUM,-,https://rel-candidate.perf.cxast.net/results/3534332e-7e18-446a-8446-de7e2bbd8027/7a0c2bd5-b974-40a6-927a-88b54c562444/sca?internalPath=%2Fvulnerabilities%2FCVE-2019-14900:Maven-org.hibernate:hibernate-core-4.0.1.Final%2FvulnerabilityDetailsGql,NEW,03/27/2026 10:18,SCA,-,-,-,-,-,org.hibernate:hibernate-core,Maven-org.hibernate:hibernate-core-4.0.1.Final,4.0.1.Final,CWE-89,CVE-2019-14900,-,-,-,-,-,-,-,-,-
-,-,-,-,-,-,-,-,-,-,-,-,To Verify,MEDIUM,-,https://rel-candidate.perf.cxast.net/results/3534332e-7e18-446a-8446-de7e2bbd8027/7a0c2bd5-b974-40a6-927a-88b54c562444/sca?internalPath=%2Fvulnerabilities%2FCVE-2012-6708:Npm-jquery-1.6.4%2FvulnerabilityDetailsGql,NEW,03/27/2026 16:04,SCA,-,-,-,-,-,jquery,Npm-jquery-1.6.4,1.6.4,CWE-79,CVE-2012-6708,-,-,-,-,-,-,-,-,-
-,-,-,-,-,-,-,-,-,-,-,-,To Verify,MEDIUM,-,https://rel-candidate.perf.cxast.net/results/3534332e-7e18-446a-8446-de7e2bbd8027/7a0c2bd5-b974-40a6-927a-88b54c562444/sca?internalPath=%2Fvulnerabilities%2FCVE-2015-9251:Npm-jquery-1.6.4%2FvulnerabilityDetailsGql,NEW,03/27/2026 16:04,SCA,-,-,-,-,-,jquery,Npm-jquery-1.6.4,1.6.4,CWE-79,CVE-2015-9251,-,-,-,-,-,-,-,-,-
-,-,-,-,-,-,-,-,-,-,-,-,To Verify,MEDIUM,-,https://rel-candidate.perf.cxast.net/results/3534332e-7e18-446a-8446-de7e2bbd8027/7a0c2bd5-b974-40a6-927a-88b54c562444/sca?internalPath=%2Fvulnerabilities%2FCVE-2019-11358:Npm-jquery-1.6.4%2FvulnerabilityDetailsGql,NEW,03/27/2026 16:04,SCA,-,-,-,-,-,jquery,Npm-jquery-1.6.4,1.6.4,CWE-1321,CVE-2019-11358,-,-,-,-,-,-,-,-,-
-,-,-,-,-,-,-,-,-,-,-,-,To Verify,MEDIUM,-,https://rel-candidate.perf.cxast.net/results/3534332e-7e18-446a-8446-de7e2bbd8027/7a0c2bd5-b974-40a6-927a-88b54c562444/sca?internalPath=%2Fvulnerabilities%2FCVE-2020-11023:Npm-jquery-1.6.4%2FvulnerabilityDetailsGql,NEW,03/27/2026 16:04,SCA,-,-,-,-,-,jquery,Npm-jquery-1.6.4,1.6.4,CWE-79,CVE-2020-11023,-,-,-,-,-,-,-,-,-
-,-,-,-,-,-,-,-,-,-,-,-,To Verify,MEDIUM,-,https://rel-candidate.perf.cxast.net/results/3534332e-7e18-446a-8446-de7e2bbd8027/7a0c2bd5-b974-40a6-927a-88b54c562444/sca?internalPath=%2Fvulnerabilities%2FCVE-2020-7656:Npm-jquery-1.6.4%2FvulnerabilityDetailsGql,NEW,03/27/2026 16:04,SCA,-,-,-,-,-,jquery,Npm-jquery-1.6.4,1.6.4,CWE-79,CVE-2020-7656,-,-,-,-,-,-,-,-,-
-,-,-,-,-,-,-,-,-,-,-,-,To Verify,CRITICAL,-,https://rel-candidate.perf.cxast.net/results/3534332e-7e18-446a-8446-de7e2bbd8027/7a0c2bd5-b974-40a6-927a-88b54c562444/sca?internalPath=%2Fvulnerabilities%2FCVE-2015-2575:Maven-mysql:mysql-connector-java-5.1.26%2FvulnerabilityDetailsGql,NEW,03/27/2026 10:18,SCA,-,-,-,-,-,mysql:mysql-connector-java,Maven-mysql:mysql-connector-java-5.1.26,5.1.26,CWE-284,CVE-2015-2575,-,-,-,-,-,-,-,-,-
-,-,-,-,-,-,-,-,-,-,-,-,To Verify,CRITICAL,-,https://rel-candidate.perf.cxast.net/results/3534332e-7e18-446a-8446-de7e2bbd8027/7a0c2bd5-b974-40a6-927a-88b54c562444/sca?internalPath=%2Fvulnerabilities%2FCVE-2016-2170:Maven-commons-collections:commons-collections-3.2.1%2FvulnerabilityDetailsGql,NEW,03/27/2026 10:18,SCA,-,-,-,-,-,commons-collections:commons-collections,Maven-commons-collections:commons-collections-3.2.1,3.2.1,CWE-502,CVE-2016-2170,-,-,-,-,-,-,-,-,-
-,-,-,-,-,-,-,-,-,-,-,-,To Verify,CRITICAL,-,https://rel-candidate.perf.cxast.net/results/3534332e-7e18-446a-8446-de7e2bbd8027/7a0c2bd5-b974-40a6-927a-88b54c562444/sca?internalPath=%2Fvulnerabilities%2FCVE-2015-4852:Maven-commons-collections:commons-collections-3.2.1%2FvulnerabilityDetailsGql,NEW,03/27/2026 10:18,SCA,-,-,-,-,-,commons-collections:commons-collections,Maven-commons-collections:commons-collections-3.2.1,3.2.1,CWE-502,CVE-2015-4852,-,-,-,-,-,-,-,-,-
-,-,-,-,-,-,-,-,-,-,-,-,To Verify,CRITICAL,-,https://rel-candidate.perf.cxast.net/results/3534332e-7e18-446a-8446-de7e2bbd8027/7a0c2bd5-b974-40a6-927a-88b54c562444/sca?internalPath=%2Fvulnerabilities%2FCVE-2020-1938:Maven-org.apache.tomcat:tomcat-coyote-9.0.22%2FvulnerabilityDetailsGql,NEW,03/27/2026 16:04,SCA,-,-,-,-,-,org.apache.tomcat:tomcat-coyote,Maven-org.apache.tomcat:tomcat-coyote-9.0.22,9.0.22,CWE-269,CVE-2020-1938,-,-,-,-,-,-,-,-,-
-,-,-,-,-,-,-,-,-,-,-,-,To Verify,CRITICAL,-,https://rel-candidate.perf.cxast.net/results/3534332e-7e18-446a-8446-de7e2bbd8027/7a0c2bd5-b974-40a6-927a-88b54c562444/sca?internalPath=%2Fvulnerabilities%2FCVE-2020-10683:Maven-dom4j:dom4j-1.6.1%2FvulnerabilityDetailsGql,NEW,03/05/2026 11:43,SCA,-,-,-,-,-,dom4j:dom4j,Maven-dom4j:dom4j-1.6.1,1.6.1,CWE-611,CVE-2020-10683,-,-,-,-,-,-,-,-,-
-,-,-,-,-,-,-,-,-,-,-,-,To Verify,CRITICAL,-,https://rel-candidate.perf.cxast.net/results/3534332e-7e18-446a-8446-de7e2bbd8027/7a0c2bd5-b974-40a6-927a-88b54c562444/sca?internalPath=%2Fvulnerabilities%2FCVE-2015-7501:Maven-commons-collections:commons-collections-3.2.1%2FvulnerabilityDetailsGql,NEW,03/27/2026 10:18,SCA,-,-,-,-,-,commons-collections:commons-collections,Maven-commons-collections:commons-collections-3.2.1,3.2.1,CWE-502,CVE-2015-7501,-,-,-,-,-,-,-,-,-
-,-,-,-,-,-,-,-,-,-,-,-,To Verify,CRITICAL,-,https://rel-candidate.perf.cxast.net/results/3534332e-7e18-446a-8446-de7e2bbd8027/7a0c2bd5-b974-40a6-927a-88b54c562444/sca?internalPath=%2Fvulnerabilities%2FCVE-2015-6420:Maven-commons-collections:commons-collections-3.2.1%2FvulnerabilityDetailsGql,NEW,03/27/2026 10:18,SCA,-,-,-,-,-,commons-collections:commons-collections,Maven-commons-collections:commons-collections-3.2.1,3.2.1,CWE-502,CVE-2015-6420,-,-,-,-,-,-,-,-,-
-,-,-,-,-,-,-,-,-,-,-,-,To Verify,LOW,-,https://rel-candidate.perf.cxast.net/results/3534332e-7e18-446a-8446-de7e2bbd8027/7a0c2bd5-b974-40a6-927a-88b54c562444/sca?internalPath=%2Fvulnerabilities%2FCVE-2021-43980:Maven-org.apache.tomcat:tomcat-coyote-9.0.22%2FvulnerabilityDetailsGql,NEW,03/27/2026 16:04,SCA,-,-,-,-,-,org.apache.tomcat:tomcat-coyote,Maven-org.apache.tomcat:tomcat-coyote-9.0.22,9.0.22,CWE-362,CVE-2021-43980,-,-,-,-,-,-,-,-,-
-,-,-,-,-,-,-,-,-,-,-,-,To Verify,LOW,-,https://rel-candidate.perf.cxast.net/results/3534332e-7e18-446a-8446-de7e2bbd8027/7a0c2bd5-b974-40a6-927a-88b54c562444/sca?internalPath=%2Fvulnerabilities%2FCVE-2020-2933:Maven-mysql:mysql-connector-java-5.1.26%2FvulnerabilityDetailsGql,NEW,03/27/2026 10:18,SCA,-,-,-,-,-,mysql:mysql-connector-java,Maven-mysql:mysql-connector-java-5.1.26,5.1.26,CWE-400,CVE-2020-2933,-,-,-,-,-,-,-,-,-
-,-,-,-,-,-,-,-,-,-,-,-,To Verify,LOW,-,https://rel-candidate.perf.cxast.net/results/3534332e-7e18-446a-8446-de7e2bbd8027/7a0c2bd5-b974-40a6-927a-88b54c562444/sca?internalPath=%2Fvulnerabilities%2FCVE-2017-3589:Maven-mysql:mysql-connector-java-5.1.26%2FvulnerabilityDetailsGql,NEW,03/27/2026 10:18,SCA,-,-,-,-,-,mysql:mysql-connector-java,Maven-mysql:mysql-connector-java-5.1.26,5.1.26,CWE-284,CVE-2017-3589,-,-,-,-,-,-,-,-,-
-,-,-,-,-,-,-,-,-,-,-,-,To Verify,LOW,-,https://rel-candidate.perf.cxast.net/container-security-results/3534332e-7e18-446a-8446-de7e2bbd8027/7a0c2bd5-b974-40a6-927a-88b54c562444/results/RG9ja2VyZmlsZQ==/bm9kZToxMi1hbHBpbmU%3d/vulnerabilities?image=%7b%22searchTerm%22%3a%22ajv%3a6.12.6%22%7d,NEW,04/01/2026 16:27,Containers,-,-,-,-,-,ajv,-,-,-,CVE-2025-69873,CWE-1333,node,-,-,-,-,-,-,-
-,-,-,-,-,-,-,-,-,-,-,-,To Verify,HIGH,-,https://rel-candidate.perf.cxast.net/container-security-results/3534332e-7e18-446a-8446-de7e2bbd8027/7a0c2bd5-b974-40a6-927a-88b54c562444/results/RG9ja2VyZmlsZQ==/bm9kZToxMi1hbHBpbmU%3d/vulnerabilities?image=%7b%22searchTerm%22%3a%22ansi-regex%3a2.1.1%22%7d,NEW,04/01/2026 16:27,Containers,-,-,-,-,-,ansi-regex,-,-,-,CVE-2021-3807,CWE-1333,node,-,-,-,-,-,-,-
-,-,-,-,-,-,-,-,-,-,-,-,To Verify,HIGH,-,https://rel-candidate.perf.cxast.net/container-security-results/3534332e-7e18-446a-8446-de7e2bbd8027/7a0c2bd5-b974-40a6-927a-88b54c562444/results/RG9ja2VyZmlsZQ==/bm9kZToxMi1hbHBpbmU%3d/vulnerabilities?image=%7b%22searchTerm%22%3a%22ansi-regex%3a3.0.0%22%7d,NEW,04/01/2026 16:27,Containers,-,-,-,-,-,ansi-regex,-,-,-,CVE-2021-3807,CWE-1333,node,-,-,-,-,-,-,-
-,-,-,-,-,-,-,-,-,-,-,-,To Verify,HIGH,-,https://rel-candidate.perf.cxast.net/container-security-results/3534332e-7e18-446a-8446-de7e2bbd8027/7a0c2bd5-b974-40a6-927a-88b54c562444/results/RG9ja2VyZmlsZQ==/bm9kZToxMi1hbHBpbmU%3d/vulnerabilities?image=%7b%22searchTerm%22%3a%22ansi-regex%3a4.1.0%22%7d,NEW,04/01/2026 16:27,Containers,-,-,-,-,-,ansi-regex,-,-,-,CVE-2021-3807,CWE-1333,node,-,-,-,-,-,-,-
-,-,-,-,-,-,-,-,-,-,-,-,To Verify,LOW,-,https://rel-candidate.perf.cxast.net/container-security-results/3534332e-7e18-446a-8446-de7e2bbd8027/7a0c2bd5-b974-40a6-927a-88b54c562444/results/RG9ja2VyZmlsZQ==/bm9kZToxMi1hbHBpbmU%3d/vulnerabilities?image=%7b%22searchTerm%22%3a%22bluebird%3a3.5.5%22%7d,NEW,04/01/2026 16:27,Containers,-,-,-,-,-,bluebird,-,-,-,Cxda14f253-4e52,CWE-401,node,-,-,-,-,-,-,-
-,-,-,-,-,-,-,-,-,-,-,-,To Verify,LOW,-,https://rel-candidate.perf.cxast.net/container-security-results/3534332e-7e18-446a-8446-de7e2bbd8027/7a0c2bd5-b974-40a6-927a-88b54c562444/results/RG9ja2VyZmlsZQ==/bm9kZToxMi1hbHBpbmU%3d/vulnerabilities?image=%7b%22searchTerm%22%3a%22brace-expansion%3a1.1.11%22%7d,NEW,04/01/2026 16:27,Containers,-,-,-,-,-,brace-expansion,-,-,-,CVE-2025-5889,CWE-1333,node,-,-,-,-,-,-,-
-,-,-,-,-,-,-,-,-,-,-,-,To Verify,HIGH,-,https://rel-candidate.perf.cxast.net/container-security-results/3534332e-7e18-446a-8446-de7e2bbd8027/7a0c2bd5-b974-40a6-927a-88b54c562444/results/RG9ja2VyZmlsZQ==/bm9kZToxMi1hbHBpbmU%3d/vulnerabilities?image=%7b%22searchTerm%22%3a%22cross-spawn%3a5.1.0%22%7d,NEW,04/01/2026 16:27,Containers,-,-,-,-,-,cross-spawn,-,-,-,CVE-2024-21538,CWE-1333,node,-,-,-,-,-,-,-
-,-,-,-,-,-,-,-,-,-,-,-,To Verify,LOW,-,https://rel-candidate.perf.cxast.net/container-security-results/3534332e-7e18-446a-8446-de7e2bbd8027/7a0c2bd5-b974-40a6-927a-88b54c562444/results/RG9ja2VyZmlsZQ==/bm9kZToxMi1hbHBpbmU%3d/vulnerabilities?image=%7b%22searchTerm%22%3a%22debug%3a3.1.0%22%7d,NEW,04/01/2026 16:27,Containers,-,-,-,-,-,debug,-,-,-,Cx8bc4df28-fcf5,CWE-1333,node,-,-,-,-,-,-,-
-,-,-,-,-,-,-,-,-,-,-,-,To Verify,HIGH,-,https://rel-candidate.perf.cxast.net/container-security-results/3534332e-7e18-446a-8446-de7e2bbd8027/7a0c2bd5-b974-40a6-927a-88b54c562444/results/RG9ja2VyZmlsZQ==/bm9kZToxMi1hbHBpbmU%3d/vulnerabilities?image=%7b%22searchTerm%22%3a%22decode-uri-component%3a0.2.0%22%7d,NEW,04/01/2026 16:27,Containers,-,-,-,-,-,decode-uri-component,-,-,-,CVE-2022-38900,CWE-20,node,-,-,-,-,-,-,-
-,-,-,-,-,-,-,-,-,-,-,-,To Verify,CRITICAL,-,https://rel-candidate.perf.cxast.net/container-security-results/3534332e-7e18-446a-8446-de7e2bbd8027/7a0c2bd5-b974-40a6-927a-88b54c562444/results/RG9ja2VyZmlsZQ==/bm9kZToxMi1hbHBpbmU%3d/vulnerabilities?image=%7b%22searchTerm%22%3a%22form-data%3a2.3.2%22%7d,NEW,04/01/2026 16:27,Containers,-,-,-,-,-,form-data,-,-,-,CVE-2025-7783,CWE-330,node,-,-,-,-,-,-,-
-,-,-,-,-,-,-,-,-,-,-,-,To Verify,MEDIUM,-,https://rel-candidate.perf.cxast.net/container-security-results/3534332e-7e18-446a-8446-de7e2bbd8027/7a0c2bd5-b974-40a6-927a-88b54c562444/results/RG9ja2VyZmlsZQ==/bm9kZToxMi1hbHBpbmU%3d/vulnerabilities?image=%7b%22searchTerm%22%3a%22got%3a6.7.1%22%7d,NEW,04/01/2026 16:27,Containers,-,-,-,-,-,got,-,-,-,CVE-2022-33987,CWE-601,node,-,-,-,-,-,-,-
-,-,-,-,-,-,-,-,-,-,-,-,To Verify,HIGH,-,https://rel-candidate.perf.cxast.net/container-security-results/3534332e-7e18-446a-8446-de7e2bbd8027/7a0c2bd5-b974-40a6-927a-88b54c562444/results/RG9ja2VyZmlsZQ==/bm9kZToxMi1hbHBpbmU%3d/vulnerabilities?image=%7b%22searchTerm%22%3a%22http-cache-semantics%3a3.8.1%22%7d,NEW,04/01/2026 16:27,Containers,-,-,-,-,-,http-cache-semantics,-,-,-,CVE-2022-25881,CWE-1333,node,-,-,-,-,-,-,-
-,-,-,-,-,-,-,-,-,-,-,-,To Verify,HIGH,-,https://rel-candidate.perf.cxast.net/container-security-results/3534332e-7e18-446a-8446-de7e2bbd8027/7a0c2bd5-b974-40a6-927a-88b54c562444/results/RG9ja2VyZmlsZQ==/bm9kZToxMi1hbHBpbmU%3d/vulnerabilities?image=%7b%22searchTerm%22%3a%22inflight%3a1.0.6%22%7d,NEW,04/01/2026 16:27,Containers,-,-,-,-,-,inflight,-,-,-,Cxdca8e59f-8bfe,CWE-772,node,-,-,-,-,-,-,-
-,-,-,-,-,-,-,-,-,-,-,-,To Verify,CRITICAL,-,https://rel-candidate.perf.cxast.net/container-security-results/3534332e-7e18-446a-8446-de7e2bbd8027/7a0c2bd5-b974-40a6-927a-88b54c562444/results/RG9ja2VyZmlsZQ==/bm9kZToxMi1hbHBpbmU%3d/vulnerabilities?image=%7b%22searchTerm%22%3a%22ip%3a1.1.5%22%7d,NEW,04/01/2026 16:27,Containers,-,-,-,-,-,ip,-,-,-,CVE-2023-42282,CWE-918,node,-,-,-,-,-,-,-
-,-,-,-,-,-,-,-,-,-,-,-,To Verify,HIGH,-,https://rel-candidate.perf.cxast.net/container-security-results/3534332e-7e18-446a-8446-de7e2bbd8027/7a0c2bd5-b974-40a6-927a-88b54c562444/results/RG9ja2VyZmlsZQ==/bm9kZToxMi1hbHBpbmU%3d/vulnerabilities?image=%7b%22searchTerm%22%3a%22ip%3a1.1.5%22%7d,NEW,04/01/2026 16:27,Containers,-,-,-,-,-,ip,-,-,-,CVE-2024-29415,CWE-918,node,-,-,-,-,-,-,-
-,-,-,-,-,-,-,-,-,-,-,-,To Verify,LOW,-,https://rel-candidate.perf.cxast.net/container-security-results/3534332e-7e18-446a-8446-de7e2bbd8027/7a0c2bd5-b974-40a6-927a-88b54c562444/results/RG9ja2VyZmlsZQ==/bm9kZToxMi1hbHBpbmU%3d/vulnerabilities?image=%7b%22searchTerm%22%3a%22ip%3a1.1.5%22%7d,NEW,04/01/2026 16:27,Containers,-,-,-,-,-,ip,-,-,-,CVE-2025-59437,CWE-918,node,-,-,-,-,-,-,-
-,-,-,-,-,-,-,-,-,-,-,-,To Verify,LOW,-,https://rel-candidate.perf.cxast.net/container-security-results/3534332e-7e18-446a-8446-de7e2bbd8027/7a0c2bd5-b974-40a6-927a-88b54c562444/results/RG9ja2VyZmlsZQ==/bm9kZToxMi1hbHBpbmU%3d/vulnerabilities?image=%7b%22searchTerm%22%3a%22ip%3a1.1.5%22%7d,NEW,04/01/2026 16:27,Containers,-,-,-,-,-,ip,-,-,-,CVE-2025-59436,CWE-918,node,-,-,-,-,-,-,-
-,-,-,-,-,-,-,-,-,-,-,-,To Verify,HIGH,-,https://rel-candidate.perf.cxast.net/container-security-results/3534332e-7e18-446a-8446-de7e2bbd8027/7a0c2bd5-b974-40a6-927a-88b54c562444/results/RG9ja2VyZmlsZQ==/bm9kZToxMi1hbHBpbmU%3d/vulnerabilities?image=%7b%22searchTerm%22%3a%22minimatch%3a3.0.4%22%7d,NEW,04/01/2026 16:27,Containers,-,-,-,-,-,minimatch,-,-,-,CVE-2026-27904,CWE-1333,node,-,-,-,-,-,-,-
-,-,-,-,-,-,-,-,-,-,-,-,To Verify,HIGH,-,https://rel-candidate.perf.cxast.net/container-security-results/3534332e-7e18-446a-8446-de7e2bbd8027/7a0c2bd5-b974-40a6-927a-88b54c562444/results/RG9ja2VyZmlsZQ==/bm9kZToxMi1hbHBpbmU%3d/vulnerabilities?image=%7b%22searchTerm%22%3a%22minimatch%3a3.0.4%22%7d,NEW,04/01/2026 16:27,Containers,-,-,-,-,-,minimatch,-,-,-,CVE-2026-26996,CWE-1333,node,-,-,-,-,-,-,-
-,-,-,-,-,-,-,-,-,-,-,-,To Verify,HIGH,-,https://rel-candidate.perf.cxast.net/container-security-results/3534332e-7e18-446a-8446-de7e2bbd8027/7a0c2bd5-b974-40a6-927a-88b54c562444/results/RG9ja2VyZmlsZQ==/bm9kZToxMi1hbHBpbmU%3d/vulnerabilities?image=%7b%22searchTerm%22%3a%22minimatch%3a3.0.4%22%7d,NEW,04/01/2026 16:27,Containers,-,-,-,-,-,minimatch,-,-,-,CVE-2022-3517,CWE-400,node,-,-,-,-,-,-,-
-,-,-,-,-,-,-,-,-,-,-,-,To Verify,HIGH,-,https://rel-candidate.perf.cxast.net/container-security-results/3534332e-7e18-446a-8446-de7e2bbd8027/7a0c2bd5-b974-40a6-927a-88b54c562444/results/RG9ja2VyZmlsZQ==/bm9kZToxMi1hbHBpbmU%3d/vulnerabilities?image=%7b%22searchTerm%22%3a%22minimatch%3a3.0.4%22%7d,NEW,04/01/2026 16:27,Containers,-,-,-,-,-,minimatch,-,-,-,CVE-2026-27903,CWE-407,node,-,-,-,-,-,-,-
-,-,-,-,-,-,-,-,-,-,-,-,To Verify,CRITICAL,-,https://rel-candidate.perf.cxast.net/container-security-results/3534332e-7e18-446a-8446-de7e2bbd8027/7a0c2bd5-b974-40a6-927a-88b54c562444/results/RG9ja2VyZmlsZQ==/bm9kZToxMi1hbHBpbmU%3d/vulnerabilities?image=%7b%22searchTerm%22%3a%22minimist%3a1.2.5%22%7d,NEW,04/01/2026 16:27,Containers,-,-,-,-,-,minimist,-,-,-,CVE-2021-44906,CWE-1321,node,-,-,-,-,-,-,-
-,-,-,-,-,-,-,-,-,-,-,-,To Verify,HIGH,-,https://rel-candidate.perf.cxast.net/container-security-results/3534332e-7e18-446a-8446-de7e2bbd8027/7a0c2bd5-b974-40a6-927a-88b54c562444/results/RG9ja2VyZmlsZQ==/bm9kZToxMi1hbHBpbmU%3d/vulnerabilities?image=%7b%22searchTerm%22%3a%22npm%3a6.14.16%22%7d,NEW,04/01/2026 16:27,Containers,-,-,-,-,-,npm,-,-,-,CVE-2026-0775,CWE-732,node,-,-,-,-,-,-,-
-,-,-,-,-,-,-,-,-,-,-,-,To Verify,HIGH,-,https://rel-candidate.perf.cxast.net/container-security-results/3534332e-7e18-446a-8446-de7e2bbd8027/7a0c2bd5-b974-40a6-927a-88b54c562444/results/RG9ja2VyZmlsZQ==/bm9kZToxMi1hbHBpbmU%3d/vulnerabilities?image=%7b%22searchTerm%22%3a%22qs%3a6.5.2%22%7d,NEW,04/01/2026 16:27,Containers,-,-,-,-,-,qs,-,-,-,CVE-2022-24999,CWE-1321,node,-,-,-,-,-,-,-
-,-,-,-,-,-,-,-,-,-,-,-,To Verify,MEDIUM,-,https://rel-candidate.perf.cxast.net/container-security-results/3534332e-7e18-446a-8446-de7e2bbd8027/7a0c2bd5-b974-40a6-927a-88b54c562444/results/RG9ja2VyZmlsZQ==/bm9kZToxMi1hbHBpbmU%3d/vulnerabilities?image=%7b%22searchTerm%22%3a%22qs%3a6.5.2%22%7d,NEW,04/01/2026 16:27,Containers,-,-,-,-,-,qs,-,-,-,CVE-2025-15284,CWE-20,node,-,-,-,-,-,-,-
-,-,-,-,-,-,-,-,-,-,-,-,To Verify,MEDIUM,-,https://rel-candidate.perf.cxast.net/container-security-results/3534332e-7e18-446a-8446-de7e2bbd8027/7a0c2bd5-b974-40a6-927a-88b54c562444/results/RG9ja2VyZmlsZQ==/bm9kZToxMi1hbHBpbmU%3d/vulnerabilities?image=%7b%22searchTerm%22%3a%22request%3a2.88.0%22%7d,NEW,04/01/2026 16:27,Containers,-,-,-,-,-,request,-,-,-,CVE-2023-28155,CWE-918,node,-,-,-,-,-,-,-
-,-,-,-,-,-,-,-,-,-,-,-,To Verify,HIGH,-,https://rel-candidate.perf.cxast.net/container-security-results/3534332e-7e18-446a-8446-de7e2bbd8027/7a0c2bd5-b974-40a6-927a-88b54c562444/results/RG9ja2VyZmlsZQ==/bm9kZToxMi1hbHBpbmU%3d/vulnerabilities?image=%7b%22searchTerm%22%3a%22semver%3a5.7.1%22%7d,NEW,04/01/2026 16:27,Containers,-,-,-,-,-,semver,-,-,-,CVE-2022-25883,CWE-1333,node,-,-,-,-,-,-,-
-,-,-,-,-,-,-,-,-,-,-,-,To Verify,HIGH,-,https://rel-candidate.perf.cxast.net/container-security-results/3534332e-7e18-446a-8446-de7e2bbd8027/7a0c2bd5-b974-40a6-927a-88b54c562444/results/RG9ja2VyZmlsZQ==/bm9kZToxMi1hbHBpbmU%3d/vulnerabilities?image=%7b%22searchTerm%22%3a%22tar%3a4.4.19%22%7d,NEW,04/01/2026 16:27,Containers,-,-,-,-,-,tar,-,-,-,CVE-2026-26960,CWE-22,node,-,-,-,-,-,-,-
-,-,-,-,-,-,-,-,-,-,-,-,To Verify,HIGH,-,https://rel-candidate.perf.cxast.net/container-security-results/3534332e-7e18-446a-8446-de7e2bbd8027/7a0c2bd5-b974-40a6-927a-88b54c562444/results/RG9ja2VyZmlsZQ==/bm9kZToxMi1hbHBpbmU%3d/vulnerabilities?image=%7b%22searchTerm%22%3a%22tar%3a4.4.19%22%7d,NEW,04/01/2026 16:27,Containers,-,-,-,-,-,tar,-,-,-,CVE-2026-23745,CWE-22,node,-,-,-,-,-,-,-
-,-,-,-,-,-,-,-,-,-,-,-,To Verify,HIGH,-,https://rel-candidate.perf.cxast.net/container-security-results/3534332e-7e18-446a-8446-de7e2bbd8027/7a0c2bd5-b974-40a6-927a-88b54c562444/results/RG9ja2VyZmlsZQ==/bm9kZToxMi1hbHBpbmU%3d/vulnerabilities?image=%7b%22searchTerm%22%3a%22tar%3a4.4.19%22%7d,NEW,04/01/2026 16:27,Containers,-,-,-,-,-,tar,-,-,-,CVE-2026-24842,CWE-22,node,-,-,-,-,-,-,-
-,-,-,-,-,-,-,-,-,-,-,-,To Verify,HIGH,-,https://rel-candidate.perf.cxast.net/container-security-results/3534332e-7e18-446a-8446-de7e2bbd8027/7a0c2bd5-b974-40a6-927a-88b54c562444/results/RG9ja2VyZmlsZQ==/bm9kZToxMi1hbHBpbmU%3d/vulnerabilities?image=%7b%22searchTerm%22%3a%22tar%3a4.4.19%22%7d,NEW,04/01/2026 16:27,Containers,-,-,-,-,-,tar,-,-,-,CVE-2026-29786,CWE-22,node,-,-,-,-,-,-,-
-,-,-,-,-,-,-,-,-,-,-,-,To Verify,HIGH,-,https://rel-candidate.perf.cxast.net/container-security-results/3534332e-7e18-446a-8446-de7e2bbd8027/7a0c2bd5-b974-40a6-927a-88b54c562444/results/RG9ja2VyZmlsZQ==/bm9kZToxMi1hbHBpbmU%3d/vulnerabilities?image=%7b%22searchTerm%22%3a%22tar%3a4.4.19%22%7d,NEW,04/01/2026 16:27,Containers,-,-,-,-,-,tar,-,-,-,CVE-2026-31802,CWE-22,node,-,-,-,-,-,-,-
-,-,-,-,-,-,-,-,-,-,-,-,To Verify,MEDIUM,-,https://rel-candidate.perf.cxast.net/container-security-results/3534332e-7e18-446a-8446-de7e2bbd8027/7a0c2bd5-b974-40a6-927a-88b54c562444/results/RG9ja2VyZmlsZQ==/bm9kZToxMi1hbHBpbmU%3d/vulnerabilities?image=%7b%22searchTerm%22%3a%22tar%3a4.4.19%22%7d,NEW,04/01/2026 16:27,Containers,-,-,-,-,-,tar,-,-,-,CVE-2024-28863,CWE-400,node,-,-,-,-,-,-,-
-,-,-,-,-,-,-,-,-,-,-,-,To Verify,MEDIUM,-,https://rel-candidate.perf.cxast.net/container-security-results/3534332e-7e18-446a-8446-de7e2bbd8027/7a0c2bd5-b974-40a6-927a-88b54c562444/results/RG9ja2VyZmlsZQ==/bm9kZToxMi1hbHBpbmU%3d/vulnerabilities?image=%7b%22searchTerm%22%3a%22tar%3a4.4.19%22%7d,NEW,04/01/2026 16:27,Containers,-,-,-,-,-,tar,-,-,-,CVE-2026-23950,CWE-176,node,-,-,-,-,-,-,-
-,-,-,-,-,-,-,-,-,-,-,-,To Verify,CRITICAL,-,https://rel-candidate.perf.cxast.net/container-security-results/3534332e-7e18-446a-8446-de7e2bbd8027/7a0c2bd5-b974-40a6-927a-88b54c562444/results/RG9ja2VyZmlsZQ==/bm9kZToxMi1hbHBpbmU%3d/vulnerabilities?image=%7b%22searchTerm%22%3a%22tough-cookie%3a2.4.3%22%7d,NEW,04/01/2026 16:27,Containers,-,-,-,-,-,tough-cookie,-,-,-,CVE-2023-26136,CWE-1321,node,-,-,-,-,-,-,-
-,-,-,-,-,-,-,-,-,-,-,-,To Verify,MEDIUM,-,https://rel-candidate.perf.cxast.net/container-security-results/3534332e-7e18-446a-8446-de7e2bbd8027/7a0c2bd5-b974-40a6-927a-88b54c562444/results/RG9ja2VyZmlsZQ==/bm9kZToxMi1hbHBpbmU%3d/vulnerabilities?image=%7b%22searchTerm%22%3a%22yarn%3a1.22.18%22%7d,NEW,04/01/2026 16:27,Containers,-,-,-,-,-,yarn,-,-,-,CVE-2025-8262,CWE-1333,node,-,-,-,-,-,-,-
-,-,-,-,-,-,-,-,-,-,-,-,To Verify,MEDIUM,-,https://rel-candidate.perf.cxast.net/container-security-results/3534332e-7e18-446a-8446-de7e2bbd8027/7a0c2bd5-b974-40a6-927a-88b54c562444/results/RG9ja2VyZmlsZQ==/bm9kZToxMi1hbHBpbmU%3d/vulnerabilities?image=%7b%22searchTerm%22%3a%22yarn%3a1.22.18%22%7d,NEW,04/01/2026 16:27,Containers,-,-,-,-,-,yarn,-,-,-,CVE-2025-9308,CWE-1333,node,-,-,-,-,-,-,-
-,-,-,-,-,-,-,-,-,-,-,-,To Verify,HIGH,-,https://rel-candidate.perf.cxast.net/container-security-results/3534332e-7e18-446a-8446-de7e2bbd8027/7a0c2bd5-b974-40a6-927a-88b54c562444/results/RG9ja2VyZmlsZQ==/bm9kZToxMi1hbHBpbmU%3d/vulnerabilities?image=%7b%22searchTerm%22%3a%22openssl%3a1.1.1n-r0%22%7d,NEW,04/01/2026 16:27,Containers,-,-,-,-,-,openssl,-,-,-,CVE-2023-0464,CWE-295,node,-,-,-,-,-,-,-
-,-,-,-,-,-,-,-,-,-,-,-,To Verify,HIGH,-,https://rel-candidate.perf.cxast.net/container-security-results/3534332e-7e18-446a-8446-de7e2bbd8027/7a0c2bd5-b974-40a6-927a-88b54c562444/results/RG9ja2VyZmlsZQ==/bm9kZToxMi1hbHBpbmU%3d/vulnerabilities?image=%7b%22searchTerm%22%3a%22openssl%3a1.1.1n-r0%22%7d,NEW,04/01/2026 16:27,Containers,-,-,-,-,-,openssl,-,-,-,CVE-2023-0286,CWE-843,node,-,-,-,-,-,-,-
-,-,-,-,-,-,-,-,-,-,-,-,To Verify,HIGH,-,https://rel-candidate.perf.cxast.net/container-security-results/3534332e-7e18-446a-8446-de7e2bbd8027/7a0c2bd5-b974-40a6-927a-88b54c562444/results/RG9ja2VyZmlsZQ==/bm9kZToxMi1hbHBpbmU%3d/vulnerabilities?image=%7b%22searchTerm%22%3a%22openssl%3a1.1.1n-r0%22%7d,NEW,04/01/2026 16:27,Containers,-,-,-,-,-,openssl,-,-,-,CVE-2023-0215,CWE-416,node,-,-,-,-,-,-,-
-,-,-,-,-,-,-,-,-,-,-,-,To Verify,HIGH,-,https://rel-candidate.perf.cxast.net/container-security-results/3534332e-7e18-446a-8446-de7e2bbd8027/7a0c2bd5-b974-40a6-927a-88b54c562444/results/RG9ja2VyZmlsZQ==/bm9kZToxMi1hbHBpbmU%3d/vulnerabilities?image=%7b%22searchTerm%22%3a%22openssl%3a1.1.1n-r0%22%7d,NEW,04/01/2026 16:27,Containers,-,-,-,-,-,openssl,-,-,-,CVE-2022-4450,CWE-415,node,-,-,-,-,-,-,-
-,-,-,-,-,-,-,-,-,-,-,-,To Verify,MEDIUM,-,https://rel-candidate.perf.cxast.net/container-security-results/3534332e-7e18-446a-8446-de7e2bbd8027/7a0c2bd5-b974-40a6-927a-88b54c562444/results/RG9ja2VyZmlsZQ==/bm9kZToxMi1hbHBpbmU%3d/vulnerabilities?image=%7b%22searchTerm%22%3a%22openssl%3a1.1.1n-r0%22%7d,NEW,04/01/2026 16:27,Containers,-,-,-,-,-,openssl,-,-,-,CVE-2023-3817,CWE-834,node,-,-,-,-,-,-,-
-,-,-,-,-,-,-,-,-,-,-,-,To Verify,MEDIUM,-,https://rel-candidate.perf.cxast.net/container-security-results/3534332e-7e18-446a-8446-de7e2bbd8027/7a0c2bd5-b974-40a6-927a-88b54c562444/results/RG9ja2VyZmlsZQ==/bm9kZToxMi1hbHBpbmU%3d/vulnerabilities?image=%7b%22searchTerm%22%3a%22openssl%3a1.1.1n-r0%22%7d,NEW,04/01/2026 16:27,Containers,-,-,-,-,-,openssl,-,-,-,CVE-2023-3446,CWE-1333,node,-,-,-,-,-,-,-
-,-,-,-,-,-,-,-,-,-,-,-,To Verify,MEDIUM,-,https://rel-candidate.perf.cxast.net/container-security-results/3534332e-7e18-446a-8446-de7e2bbd8027/7a0c2bd5-b974-40a6-927a-88b54c562444/results/RG9ja2VyZmlsZQ==/bm9kZToxMi1hbHBpbmU%3d/vulnerabilities?image=%7b%22searchTerm%22%3a%22openssl%3a1.1.1n-r0%22%7d,NEW,04/01/2026 16:27,Containers,-,-,-,-,-,openssl,-,-,-,CVE-2023-2650,CWE-770,node,-,-,-,-,-,-,-
-,-,-,-,-,-,-,-,-,-,-,-,To Verify,MEDIUM,-,https://rel-candidate.perf.cxast.net/container-security-results/3534332e-7e18-446a-8446-de7e2bbd8027/7a0c2bd5-b974-40a6-927a-88b54c562444/results/RG9ja2VyZmlsZQ==/bm9kZToxMi1hbHBpbmU%3d/vulnerabilities?image=%7b%22searchTerm%22%3a%22openssl%3a1.1.1n-r0%22%7d,NEW,04/01/2026 16:27,Containers,-,-,-,-,-,openssl,-,-,-,CVE-2023-0465,CWE-295,node,-,-,-,-,-,-,-
-,-,-,-,-,-,-,-,-,-,-,-,To Verify,MEDIUM,-,https://rel-candidate.perf.cxast.net/container-security-results/3534332e-7e18-446a-8446-de7e2bbd8027/7a0c2bd5-b974-40a6-927a-88b54c562444/results/RG9ja2VyZmlsZQ==/bm9kZToxMi1hbHBpbmU%3d/vulnerabilities?image=%7b%22searchTerm%22%3a%22openssl%3a1.1.1n-r0%22%7d,NEW,04/01/2026 16:27,Containers,-,-,-,-,-,openssl,-,-,-,CVE-2022-4304,CWE-203,node,-,-,-,-,-,-,-
-,-,-,-,-,-,-,-,-,-,-,-,To Verify,MEDIUM,-,https://rel-candidate.perf.cxast.net/container-security-results/3534332e-7e18-446a-8446-de7e2bbd8027/7a0c2bd5-b974-40a6-927a-88b54c562444/results/RG9ja2VyZmlsZQ==/bm9kZToxMi1hbHBpbmU%3d/vulnerabilities?image=%7b%22searchTerm%22%3a%22openssl%3a1.1.1n-r0%22%7d,NEW,04/01/2026 16:27,Containers,-,-,-,-,-,openssl,-,-,-,CVE-2022-2097,CWE-327,node,-,-,-,-,-,-,-
-,-,-,-,-,-,-,-,-,-,-,-,To Verify,MEDIUM,-,https://rel-candidate.perf.cxast.net/container-security-results/3534332e-7e18-446a-8446-de7e2bbd8027/7a0c2bd5-b974-40a6-927a-88b54c562444/results/RG9ja2VyZmlsZQ==/bm9kZToxMi1hbHBpbmU%3d/vulnerabilities?image=%7b%22searchTerm%22%3a%22openssl%3a1.1.1n-r0%22%7d,NEW,04/01/2026 16:27,Containers,-,-,-,-,-,openssl,-,-,-,CVE-2023-5678,CWE-754,node,-,-,-,-,-,-,-
-,-,-,-,-,-,-,-,-,-,-,-,To Verify,CRITICAL,-,https://rel-candidate.perf.cxast.net/container-security-results/3534332e-7e18-446a-8446-de7e2bbd8027/7a0c2bd5-b974-40a6-927a-88b54c562444/results/RG9ja2VyZmlsZQ==/bm9kZToxMi1hbHBpbmU%3d/vulnerabilities?image=%7b%22searchTerm%22%3a%22zlib%3a1.2.12-r0%22%7d,NEW,04/01/2026 16:27,Containers,-,-,-,-,-,zlib,-,-,-,CVE-2022-37434,CWE-787,node,-,-,-,-,-,-,-
-,-,-,-,-,-,-,-,-,-,-,-,To Verify,HIGH,-,https://rel-candidate.perf.cxast.net/supply-chain/3534332e-7e18-446a-8446-de7e2bbd8027/7a0c2bd5-b974-40a6-927a-88b54c562444/2ms,NEW,04/01/2026 16:27,SCD,-,-,-,-,-,-,-,-,-,-,-,-,Private-Key,-,/src/main/java/org/cysecurity/cspf/jvl/controller/Unsecure_Storage_of_Encryption_Key.java,54,-,Unknown,"Remove private-key "", ""*** from source control and store it in your organization’s secret manager (e.g., AWS Secrets Manager, Azure Key Vault, HashiCorp Vault)."
-,-,-,-,-,-,-,-,-,-,-,-,To Verify,HIGH,-,https://rel-candidate.perf.cxast.net/supply-chain/3534332e-7e18-446a-8446-de7e2bbd8027/7a0c2bd5-b974-40a6-927a-88b54c562444/2ms,NEW,04/01/2026 16:27,SCD,-,-,-,-,-,-,-,-,-,-,-,-,Hashicorp-Tf-Password,-,/rds.tf,9,-,Unknown,"Remove password ""foo*** from source control and store it in your organization’s secret manager (e.g., AWS Secrets Manager, Azure Key Vault, HashiCorp Vault)."
